problem,parameter,value,role,nodes,temperature_c,radius_scale,diffusivity_scale,moisture,boundary_time_scale,horizon_h,max_step_s,status,drying_time_h,end_max_moisture,min_moisture,max_moisture,min_temperature,max_temperature,event_residual,nfev,nlu,runtime_s,message
3,baseline,0.0,baseline,161,49.99875609756098,1.0,1.0,0.04998414634146341,1.0,120.0,120.0,dry,57.53792141127576,0.15,0.05264095846419082,2.55,28.0,50.0398354898992,0.0,5793,746,1.1125725000019884,
3,temperature_c,0.0,oat,161,0.0,1.0,1.0,0.04998414634146341,1.0,120.0,120.0,deadline_exceeded,,0.28164901344155746,0.05317668491525262,2.55,-1.3541984163737138e-12,50.0398354898992,,10116,1456,1.7782714000059059,
3,temperature_c,5.0,oat,161,5.0,1.0,1.0,0.04998414634146341,1.0,120.0,120.0,deadline_exceeded,,0.2448357009331602,0.05261268821942013,2.55,4.999999999999999,50.0398354898992,,10090,1402,1.9273767999984557,
3,temperature_c,10.0,oat,161,10.0,1.0,1.0,0.04998414634146341,1.0,120.0,120.0,deadline_exceeded,,0.2162211390096418,0.0521668050243486,2.55,9.999999999999954,50.0398354898992,,9771,1349,1.8394564000045648,
3,temperature_c,15.0,oat,161,15.0,1.0,1.0,0.04998414634146341,1.0,120.0,120.0,deadline_exceeded,,0.1936818176588665,0.0518176362564332,2.55,14.999999999999998,50.0398354898992,,9771,1344,1.8133147000044119,
3,temperature_c,20.0,oat,161,20.0,1.0,1.0,0.04998414634146341,1.0,120.0,120.0,deadline_exceeded,,0.17565734248449635,0.05154409395168188,2.55,19.999999999999996,50.0398354898992,,10089,1332,1.7986407999997027,
3,temperature_c,25.0,oat,161,25.0,1.0,1.0,0.04998414634146341,1.0,120.0,120.0,deadline_exceeded,,0.16101954640495758,0.051328457553901245,2.55,24.999999999999996,50.0398354898992,,10413,1349,1.8374245999875711,
3,temperature_c,30.0,oat,161,30.0,1.0,1.0,0.04998414634146341,1.0,120.0,120.0,dry,117.76890802075044,0.15,0.05119518590846208,2.55,28.0,50.0398354898992,0.0,9605,1280,1.6746617000026163,
3,temperature_c,35.0,oat,161,35.0,1.0,1.0,0.04998414634146341,1.0,120.0,120.0,dry,97.02455408346104,0.15,0.05147218082965216,2.55,28.0,50.0398354898992,0.0,8877,1159,1.553279100000509,
3,temperature_c,40.0,oat,161,40.0,1.0,1.0,0.04998414634146341,1.0,120.0,120.0,dry,80.70882979219495,0.15,0.05180054214470414,2.55,28.0,50.0398354898992,0.0,7839,1018,1.4324333000113256,
3,temperature_c,45.0,oat,161,45.0,1.0,1.0,0.04998414634146341,1.0,120.0,120.0,dry,67.80161839476197,0.15,0.052187525086059255,2.55,28.0,50.0398354898992,0.0,6546,847,1.1884849000052782,
3,temperature_c,50.0,oat,161,50.0,1.0,1.0,0.04998414634146341,1.0,120.0,120.0,dry,57.53563981987958,0.15,0.05264108028381914,2.55,28.0,50.0398354898992,0.0,5782,753,1.0461462999955984,
3,temperature_c,55.0,oat,161,55.0,1.0,1.0,0.04998414634146341,1.0,120.0,120.0,dry,49.32924149044429,0.15,0.0531698965137612,2.55,28.0,55.000000000000014,0.0,5418,708,1.0010508999985177,
3,temperature_c,60.0,oat,161,60.0,1.0,1.0,0.04998414634146341,1.0,120.0,120.0,dry,42.738354704071924,0.15,0.05378345492253368,2.55,28.0,60.00000000000001,0.0,5054,669,0.9982245999999577,
3,temperature_c,65.0,oat,161,65.0,1.0,1.0,0.04998414634146341,1.0,120.0,120.0,dry,37.421753300084454,0.15,0.05449210256616747,2.55,28.0,65.00000000000001,0.0,4761,595,0.9495747000037227,
3,temperature_c,70.0,oat,161,70.0,1.0,1.0,0.04998414634146341,1.0,120.0,120.0,dry,33.11559201548552,0.15,0.055307160527908246,2.55,28.0,70.00000000000001,0.0,4512,560,0.8882589999993797,
3,temperature_c,75.0,oat,161,75.0,1.0,1.0,0.04998414634146341,1.0,120.0,120.0,dry,29.61474977299799,0.15,0.05624108805453177,2.55,28.0,75.00000000000001,0.0,4319,540,0.8658209999994142,
3,temperature_c,80.0,oat,161,80.0,1.0,1.0,0.04998414634146341,1.0,120.0,120.0,dry,26.75881884360851,0.15000000000000002,0.057307743686271395,2.55,28.0,80.00000000000001,2.7755575615628914e-17,4122,518,0.813805699988734,
3,temperature_c,85.0,oat,161,85.0,1.0,1.0,0.04998414634146341,1.0,120.0,120.0,dry,24.421686752492473,0.15,0.05852280788703217,2.55,28.0,85.00000000000003,0.0,4007,500,0.7996308000001591,
3,temperature_c,90.0,oat,161,90.0,1.0,1.0,0.04998414634146341,1.0,120.0,120.0,dry,22.503638247117077,0.15,0.05990447243443103,2.55,28.0,90.00000000000001,0.0,3885,493,0.8841323999949964,
3,temperature_c,95.0,oat,161,95.0,1.0,1.0,0.04998414634146341,1.0,120.0,120.0,dry,20.925396621552782,0.15,0.06147457360139711,2.55,28.0,95.00000000000001,0.0,3808,483,0.8122970000113128,
3,temperature_c,100.0,oat,161,100.0,1.0,1.0,0.04998414634146341,1.0,120.0,120.0,dry,19.62353636512167,0.14999999999999997,0.06326027986816887,2.55,28.0,100.00000000000001,2.7755575615628914e-17,3750,473,0.7998290999967139,
3,radius_scale,0.25,oat,161,49.99875609756098,0.25,1.0,0.04998414634146341,1.0,120.0,120.0,dry,5.209167708175523,0.15,0.060680466455978015,2.55,28.0,50.15092008485353,0.0,4582,629,1.0978648000018438,
3,radius_scale,0.29730177875068026,oat,161,49.99875609756098,0.29730177875068026,1.0,0.04998414634146341,1.0,120.0,120.0,dry,6.833865218100876,0.15,0.05895371784901174,2.55,28.0,50.13541214623697,0.0,4011,532,0.9853685000125552,
3,radius_scale,0.3535533905932738,oat,161,49.99875609756098,0.3535533905932738,1.0,0.04998414634146341,1.0,120.0,120.0,dry,9.05000926910836,0.15,0.05751405198097051,2.55,28.0,50.11937885603748,0.0,3820,492,0.8471372000058182,
3,radius_scale,0.42044820762685725,oat,161,49.99875609756098,0.42044820762685725,1.0,0.04998414634146341,1.0,120.0,120.0,dry,12.093079102894588,0.15,0.05630975107781552,2.55,28.0,50.10328437310342,0.0,3637,461,0.7636682000011206,
3,radius_scale,0.5,oat,161,49.99875609756098,0.5,1.0,0.04998414634146341,1.0,120.0,120.0,dry,16.29556004408021,0.14999999999999997,0.055300296360248066,2.55,28.0,50.089533547638055,2.7755575615628914e-17,3759,481,0.8232930999947712,
3,radius_scale,0.5946035575013605,oat,161,49.99875609756098,0.5946035575013605,1.0,0.04998414634146341,1.0,120.0,120.0,dry,22.127326148774067,0.15,0.054453105672054136,2.55,28.0,50.076200618556605,0.0,3985,506,0.8801268999959575,
3,radius_scale,0.7071067811865475,oat,161,49.99875609756098,0.7071067811865475,1.0,0.04998414634146341,1.0,120.0,120.0,dry,30.25294388070535,0.15,0.053741539324967016,2.55,28.0,50.06205224189936,0.0,4301,553,0.9138521999993827,
3,radius_scale,0.8408964152537145,oat,161,49.99875609756098,0.8408964152537145,1.0,0.04998414634146341,1.0,120.0,120.0,dry,41.61283284041888,0.15,0.05314358992554176,2.55,28.0,50.048241190651275,0.0,5040,655,0.9977960000105668,
3,radius_scale,1.0,oat,161,49.99875609756098,1.0,1.0,0.04998414634146341,1.0,120.0,120.0,dry,57.53792141127576,0.15,0.05264095846419082,2.55,28.0,50.0398354898992,0.0,5793,746,1.0843636999925366,
3,radius_scale,1.189207115002721,oat,161,49.99875609756098,1.189207115002721,1.0,0.04998414634146341,1.0,120.0,120.0,dry,79.91215052123468,0.15,0.05221836699317341,2.55,28.0,50.01270463449185,0.0,7513,979,1.3968964999949094,
3,radius_scale,1.4142135623730951,oat,161,49.99875609756098,1.4142135623730951,1.0,0.04998414634146341,1.0,120.0,120.0,dry,111.40191361191224,0.15,0.05186302611732112,2.55,28.0,49.998756097560985,0.0,9604,1248,1.881809800004703,
3,radius_scale,1.6817928305074292,oat,161,49.99875609756098,1.6817928305074292,1.0,0.04998414634146341,1.0,120.0,120.0,deadline_exceeded,,0.16684275234375395,0.05251355870618914,2.55,28.0,49.998756097560985,,10062,1346,1.707657199993264,
3,radius_scale,1.9999999999999998,oat,161,49.99875609756098,1.9999999999999998,1.0,0.04998414634146341,1.0,120.0,120.0,deadline_exceeded,,0.19502422808006437,0.05398443420186308,2.55,28.0,49.998756097560985,,9276,1254,1.6174714999942807,
3,radius_scale,2.378414230005442,oat,161,49.99875609756098,2.378414230005442,1.0,0.04998414634146341,1.0,120.0,120.0,deadline_exceeded,,0.2341410274794175,0.05651298546789028,2.55,28.0,49.998756097560985,,9404,1368,1.735779199996614,
3,radius_scale,2.82842712474619,oat,161,49.99875609756098,2.82842712474619,1.0,0.04998414634146341,1.0,120.0,120.0,deadline_exceeded,,0.29045394128315266,0.060958817370540534,2.5500000000000003,28.0,49.998756097560985,,9133,1232,1.6087326999986544,
3,radius_scale,3.363585661014858,oat,161,49.99875609756098,3.363585661014858,1.0,0.04998414634146341,1.0,120.0,120.0,deadline_exceeded,,0.3740315902739435,0.06879733581323165,2.5500000000000003,28.0,49.998756097560985,,9164,1145,1.6016881000105059,
3,radius_scale,4.0,oat,161,49.99875609756098,4.0,1.0,0.04998414634146341,1.0,120.0,120.0,deadline_exceeded,,0.4996484537876694,0.08216065054665697,2.5500000000000003,28.0,49.998756097560985,,9054,1189,1.588935699997819,
3,diffusivity_scale,0.02,oat,161,49.99875609756098,1.0,0.02,0.04998414634146341,1.0,120.0,120.0,deadline_exceeded,,1.2908634887932926,0.06536689685552476,2.5500000000000003,28.0,50.02175570867532,,9603,1140,1.7883222999953432,
3,diffusivity_scale,0.028242377012693557,oat,161,49.99875609756098,1.0,0.028242377012693557,0.04998414634146341,1.0,120.0,120.0,deadline_exceeded,,0.9676460057270356,0.06340279041249983,2.5500000000000003,28.0,50.02350687696318,,9599,1170,1.763746299999184,
3,diffusivity_scale,0.039881592966356065,oat,161,49.99875609756098,1.0,0.039881592966356065,0.04998414634146341,1.0,120.0,120.0,deadline_exceeded,,0.7083798092623449,0.06064322598505153,2.5500000000000003,28.0,50.024872099366625,,9591,1261,1.88101359999564,
3,diffusivity_scale,0.056317549221130775,oat,161,49.99875609756098,1.0,0.056317549221130775,0.04998414634146341,1.0,120.0,120.0,deadline_exceeded,,0.5191750678615904,0.057850251858836035,2.5500000000000003,28.0,50.026914684052194,,9551,1372,1.7456793999881484,
3,diffusivity_scale,0.07952707287670507,oat,161,49.99875609756098,1.0,0.07952707287670507,0.04998414634146341,1.0,120.0,120.0,deadline_exceeded,,0.3893049405560522,0.05555900838227716,2.5500000000000003,28.0,50.02843400659639,,9563,1259,1.7483249000069918,
3,diffusivity_scale,0.11230167874499301,oat,161,49.99875609756098,1.0,0.11230167874499301,0.04998414634146341,1.0,120.0,120.0,deadline_exceeded,,0.3021841997647993,0.053905871144608035,2.5500000000000003,28.0,50.03054464066452,,9600,1296,1.7294636000005994,
3,diffusivity_scale,0.15858331751372434,oat,161,49.99875609756098,1.0,0.15858331751372434,0.04998414634146341,1.0,120.0,120.0,deadline_exceeded,,0.24324090538821222,0.052786700854000716,2.5500000000000003,28.0,50.032622502796364,,10145,1405,1.8888048000080744,
3,diffusivity_scale,0.22393849205731456,oat,161,49.99875609756098,1.0,0.22393849205731456,0.04998414634146341,1.0,120.0,120.0,deadline_exceeded,,0.2022674445101035,0.052042692598177655,2.55,28.0,50.03386942072637,,9700,1302,1.8452379999944242,
3,diffusivity_scale,0.31622776601683794,oat,161,49.99875609756098,1.0,0.31622776601683794,0.04998414634146341,1.0,120.0,120.0,deadline_exceeded,,0.17279085875050856,0.051543719873747125,2.55,28.0,50.03571361998366,,10205,1347,1.8652948000089964,
3,diffusivity_scale,0.44655118948646894,oat,161,49.99875609756098,1.0,0.44655118948646894,0.04998414634146341,1.0,120.0,120.0,deadline_exceeded,,0.15083574227546717,0.05120151286201935,2.55,28.0,50.03695435179092,,10465,1359,1.8472290000063367,
3,diffusivity_scale,0.6305833524471807,oat,161,49.99875609756098,1.0,0.6305833524471807,0.04998414634146341,1.0,120.0,120.0,dry,87.68971129338907,0.15,0.051659777852383064,2.55,28.0,50.03858493097536,0.0,8086,1052,1.4939314999937778,
3,diffusivity_scale,0.8904586388870747,oat,161,49.99875609756098,1.0,0.8904586388870747,0.04998414634146341,1.0,120.0,120.0,dry,63.820241764277945,0.15,0.052350004262042095,2.55,28.0,50.03955460966718,0.0,6211,820,1.1633242999960203,
3,diffusivity_scale,1.2574334296829353,oat,161,49.99875609756098,1.0,1.2574334296829353,0.04998414634146341,1.0,120.0,120.0,dry,47.17174174289654,0.15,0.05332486961712547,2.55,28.0,50.04041922420497,0.0,5261,693,1.0635062999936054,
3,diffusivity_scale,1.7756454494734875,oat,161,49.99875609756098,1.0,1.7756454494734875,0.04998414634146341,1.0,120.0,120.0,dry,35.621433986521986,0.15,0.05470284948425675,2.55,28.0,50.04116610126147,0.0,4473,571,0.9018771000119159,
3,diffusivity_scale,2.5074224112451966,oat,161,49.99875609756098,1.0,2.5074224112451966,0.04998414634146341,1.0,120.0,120.0,dry,27.66264248383979,0.15,0.05665451231379284,2.55,28.0,50.04168481494889,0.0,3978,514,0.8918286999978591,
3,diffusivity_scale,3.540778453423199,oat,161,49.99875609756098,1.0,3.540778453423199,0.04998414634146341,1.0,120.0,120.0,dry,22.22766652723039,0.15,0.05943266989308181,2.55,28.0,50.042655577729896,0.0,3647,464,0.7629254000057699,
3,diffusivity_scale,5.0,oat,161,49.99875609756098,1.0,5.0,0.04998414634146341,1.0,120.0,120.0,dry,18.559151602619817,0.15,0.06344051066809127,2.55,28.0,50.043230264287075,0.0,3445,435,0.725631199995405,
3,moisture,0.0,oat,161,49.99875609756098,1.0,1.0,0.0,1.0,120.0,120.0,dry,59.133726375524816,0.15,0.0023554632918160634,2.55,28.0,50.0398354898992,0.0,6122,812,1.1399481999978889,
3,moisture,0.025,oat,161,49.99875609756098,1.0,1.0,0.025,1.0,120.0,120.0,dry,57.64019901084231,0.15,0.027602027180540993,2.55,28.0,50.0398354898992,0.0,5808,751,1.1767019999970216,
3,moisture,0.05,oat,161,49.99875609756098,1.0,1.0,0.05,1.0,120.0,120.0,dry,57.538137648641964,0.15,0.052656810188188435,2.55,28.0,50.0398354898992,0.0,5805,751,1.1704153000027873,
3,moisture,0.075,oat,161,49.99875609756098,1.0,1.0,0.075,1.0,120.0,120.0,dry,58.385932231133744,0.15,0.07757554167116737,2.55,28.0,50.0398354898992,0.0,5949,790,1.098182400004589,
3,moisture,0.1,oat,161,49.99875609756098,1.0,1.0,0.1,1.0,120.0,120.0,dry,61.17944105713625,0.15,0.10218632352839571,2.55,28.0,50.0398354898992,0.0,6086,779,1.2903514000063296,
3,moisture,0.12,oat,161,49.99875609756098,1.0,1.0,0.12,1.0,120.0,120.0,dry,67.04045480563093,0.15,0.12154385078207404,2.55,28.0,50.0398354898992,0.0,6643,885,1.2125606999907177,
3,moisture,0.13,oat,161,49.99875609756098,1.0,1.0,0.13,1.0,120.0,120.0,dry,73.09240678326027,0.15,0.13110400803890568,2.55,28.0,50.0398354898992,0.0,6996,932,1.3298875000036787,
3,moisture,0.14,oat,161,49.99875609756098,1.0,1.0,0.14,1.0,120.0,120.0,dry,85.5361132626861,0.15,0.14058754912205249,2.55,28.0,50.0398354898992,0.0,7655,1039,1.3576514000014868,
3,moisture,0.145,oat,161,49.99875609756098,1.0,1.0,0.145,1.0,120.0,120.0,dry,99.94173517579154,0.15,0.14530215471494493,2.55,28.0,50.0398354898992,0.0,8519,1110,1.6030574000033084,
3,moisture,0.148,oat,161,49.99875609756098,1.0,1.0,0.148,1.0,120.0,120.0,deadline_exceeded,,0.1500777858926465,0.1481277062134821,2.55,28.0,50.0398354898992,,9629,1244,1.7266701999906218,
3,moisture,0.149,oat,161,49.99875609756098,1.0,1.0,0.149,1.0,120.0,120.0,deadline_exceeded,,0.15095459421893814,0.1491223093849729,2.55,28.0,50.0398354898992,,9630,1243,1.7314553000032902,
3,moisture,0.15,oat,161,49.99875609756098,1.0,1.0,0.15,1.0,120.0,120.0,deadline_exceeded,,0.15183810260845726,0.1501170870251916,2.55,28.0,50.0398354898992,,9679,1257,1.6923890999896685,
3,moisture,0.155,oat,161,49.99875609756098,1.0,1.0,0.155,1.0,120.0,120.0,deadline_exceeded,,0.15634587161806246,0.15509352537725488,2.55,28.0,50.0398354898992,,9637,1252,1.755554299990763,
3,moisture,0.17,oat,161,49.99875609756098,1.0,1.0,0.17,1.0,120.0,120.0,deadline_exceeded,,0.17051228974126637,0.17004518604090282,2.55,28.0,50.0398354898992,,10155,1323,1.7847777999995742,
3,moisture,0.2,oat,161,49.99875609756098,1.0,1.0,0.2,1.0,120.0,120.0,deadline_exceeded,,0.20007289519012642,0.2000093781936758,2.55,28.0,50.0398354898992,,9669,1418,1.8450161000073422,
3,moisture,0.3,oat,161,49.99875609756098,1.0,1.0,0.3,1.0,120.0,120.0,deadline_exceeded,,0.3000003871638862,0.300000098011253,2.55,28.0,50.0398354898992,,9607,1486,1.766181900005904,
3,boundary_time_scale,0.1,oat,161,49.99875609756098,1.0,1.0,0.04998414634146341,0.1,120.0,120.0,dry,57.45227706735856,0.15,0.05264095846344848,2.5500000000000003,28.0,49.998756097560985,0.0,4920,630,0.9179599000053713,
3,boundary_time_scale,0.25,oat,161,49.99875609756098,1.0,1.0,0.04998414634146341,0.25,120.0,120.0,dry,57.46468610806197,0.15,0.052640958464829614,2.55,28.0,49.99875609757217,0.0,5246,663,1.0000910000089789,
3,boundary_time_scale,0.5,oat,161,49.99875609756098,1.0,1.0,0.04998414634146341,0.5,120.0,120.0,dry,57.48752220377887,0.15,0.052640958464939235,2.55,28.0,49.99875609756099,0.0,5559,701,1.0177636000007624,
3,boundary_time_scale,1.0,oat,161,49.99875609756098,1.0,1.0,0.04998414634146341,1.0,120.0,120.0,dry,57.53792141127576,0.15,0.05264095846419082,2.55,28.0,50.0398354898992,0.0,5793,746,1.065243199991528,
3,boundary_time_scale,2.0,oat,161,49.99875609756098,1.0,1.0,0.04998414634146341,2.0,120.0,120.0,dry,57.64921489630846,0.15,0.05264095849182692,2.55,28.0,50.09475219388364,0.0,6257,822,1.2103776000003563,
3,boundary_time_scale,4.0,oat,161,49.99875609756098,1.0,1.0,0.04998414634146341,4.0,120.0,120.0,dry,57.89978209134558,0.15,0.05264095846547373,2.55,28.0,50.14071285659711,0.0,6878,915,1.4610072000068612,
3,boundary_time_scale,8.0,oat,161,49.99875609756098,1.0,1.0,0.04998414634146341,8.0,120.0,120.0,dry,58.546749658929166,0.15,0.052640958367760525,2.55,28.0,50.17715891802701,0.0,7708,1013,1.6439203999907477,
3,boundary_time_scale,16.0,oat,161,49.99875609756098,1.0,1.0,0.04998414634146341,16.0,120.0,120.0,dry,60.44499266257226,0.15,0.052631205348250866,2.55,28.0,50.19048026139962,0.0,6568,875,1.42750160000287,
3,boundary_time_scale,32.0,oat,161,49.99875609756098,1.0,1.0,0.04998414634146341,32.0,120.0,120.0,dry,65.25062898418167,0.15,0.051622810691515045,2.55,28.0,49.90998950225344,0.0,4587,575,0.9235857000021497,
3,boundary_time_scale,64.0,oat,161,49.99875609756098,1.0,1.0,0.04998414634146341,64.0,120.0,120.0,dry,74.39140785095162,0.15,0.04482426463998635,2.55,28.0,48.18578675069043,0.0,4854,582,0.8206505999987712,
3,adverse,0.0,stress,161,49.99875609756098,1.0,1.0,0.04998414634146341,1.0,120.0,120.0,dry,57.53792141127576,0.15,0.05264095846419082,2.55,28.0,50.0398354898992,0.0,5793,746,1.1545707000041148,
3,adverse,0.1,stress,161,47.99875609756098,1.05,0.95,0.05498256097560976,1.1,120.0,120.0,dry,70.5996149480652,0.15,0.05721203153151957,2.55,28.0,50.04367505330891,0.0,6968,901,1.3153355000104057,
3,adverse,0.2,stress,161,45.99875609756098,1.1,0.9,0.05998097560975609,1.2,120.0,120.0,dry,86.84812520948604,0.15,0.06184541468155202,2.55,28.0,50.04638753782807,0.0,8131,1053,1.4875622000108706,
3,adverse,0.30000000000000004,stress,161,43.99875609756098,1.15,0.85,0.06497939024390244,1.3,120.0,120.0,dry,107.15181632955063,0.15,0.06653156596413506,2.55,28.0,50.04955650209035,0.0,9413,1231,1.7096335000096587,
3,adverse,0.4,stress,161,41.99875609756098,1.2,0.8,0.06997780487804878,1.4,120.0,120.0,deadline_exceeded,,0.15592288715688032,0.07151357444577547,2.55,28.0,50.05165204971374,,9791,1291,1.7642104999977164,
3,adverse,0.5,stress,161,39.99875609756098,1.25,0.75,0.07497621951219512,1.5,120.0,120.0,deadline_exceeded,,0.1703598849271504,0.07684843586633626,2.55,28.0,50.053489169288035,,9797,1290,1.8928049999958603,
3,adverse,0.6000000000000001,stress,161,37.99875609756098,1.3,0.7,0.07997463414634147,1.6,120.0,120.0,deadline_exceeded,,0.18782148797966794,0.08228195658067786,2.55,28.0,50.055650147198,,9841,1266,1.7662159000028623,
3,adverse,0.7000000000000001,stress,161,35.99875609756098,1.35,0.6499999999999999,0.08497304878048781,1.7000000000000002,120.0,120.0,deadline_exceeded,,0.20933194384136988,0.08785110351983225,2.55,28.0,50.0569789188676,,10243,1402,1.8292720999888843,
3,adverse,0.8,stress,161,33.99875609756098,1.4,0.6,0.08997146341463415,1.8,120.0,120.0,deadline_exceeded,,0.2363771047784652,0.09360781066573082,2.55,28.0,50.058803514270664,,9818,1362,1.8182835999905365,
3,adverse,0.9,stress,161,31.998756097560978,1.45,0.55,0.09496987804878049,1.9,120.0,120.0,deadline_exceeded,,0.2711502550295855,0.0996240150728862,2.55,28.0,50.05982969122736,,9753,1300,1.8480109999945853,
3,adverse,1.0,stress,161,29.998756097560978,1.5,0.5,0.09996829268292683,2.0,120.0,120.0,deadline_exceeded,,0.31693146441255116,0.10599569360226635,2.55,28.0,50.06097168598166,,9889,1281,1.9288431000022683,
3,adverse,1.1,stress,161,27.998756097560978,1.55,0.44999999999999996,0.10496670731707317,2.1,120.0,120.0,deadline_exceeded,,0.37865313826753805,0.11284057146239505,2.55,27.99875609752112,50.06198241222726,,9859,1327,1.8015175000036834,
3,adverse,1.2000000000000002,stress,161,25.998756097560975,1.6,0.3999999999999999,0.10996512195121952,2.2,120.0,120.0,deadline_exceeded,,0.4636783139554711,0.12027720069241037,2.5500000000000003,25.998756097525366,50.06233803576451,,9994,1505,2.064339899996412,
3,adverse,1.3,stress,161,23.998756097560978,1.65,0.35,0.11496353658536584,2.3,120.0,120.0,deadline_exceeded,,0.5826974655699825,0.12836403857291726,2.5500000000000003,23.99875609756079,50.06377844406696,,9960,1445,1.9014639999950305,
3,adverse,1.4000000000000001,stress,161,21.998756097560975,1.7000000000000002,0.29999999999999993,0.11996195121951221,2.4000000000000004,120.0,120.0,deadline_exceeded,,0.7503613295238865,0.13697786360761613,2.55,21.99875609756097,50.064135646827715,,9871,1208,1.7994097000046168,
3,adverse,1.5,stress,161,19.998756097560978,1.75,0.25,0.12496036585365854,2.5,120.0,120.0,deadline_exceeded,,0.984799471074901,0.14564829718798042,2.55,19.998756097560975,50.06458398261825,,9991,1256,1.8429031999985455,
3,adverse,1.6,stress,161,17.998756097560978,1.8,0.19999999999999996,0.12995878048780488,2.6,120.0,120.0,deadline_exceeded,,1.3045354004775935,0.15346075684888533,2.5500000000000003,17.998756097560975,50.06489887754346,,9931,1249,1.8606612000003224,
3,adverse,1.7000000000000002,stress,161,15.998756097560978,1.85,0.1499999999999999,0.13495719512195123,2.7,120.0,120.0,deadline_exceeded,,1.7186845121490182,0.15924926010494256,2.5500000000000003,15.998756097560463,50.06456736969759,,9883,1359,1.9880642000061926,
3,adverse,1.8,stress,161,13.998756097560978,1.9,0.09999999999999998,0.13995560975609755,2.8,120.0,120.0,deadline_exceeded,,2.190856523642788,0.1621957125908745,2.5500000000000003,13.998756097560978,50.06322959203516,,9822,1262,1.9440012999984901,
3,baseline,0.0,joint,161,10.0,0.5,1.0,0.04998414634146341,1.0,120.0,120.0,dry,67.50182928835814,0.15,0.050971882575828346,2.55,9.999999999998355,50.089533547638055,0.0,7383,962,1.3853396000049543,
3,baseline,0.0,joint,161,10.0,0.75,1.0,0.04998414634146341,1.0,120.0,120.0,deadline_exceeded,,0.16583437558295105,0.05101156209105268,2.55,9.999999999999998,50.05593793285136,,9940,1298,1.8745278999995207,
3,baseline,0.0,joint,161,10.0,1.0,1.0,0.04998414634146341,1.0,120.0,120.0,deadline_exceeded,,0.2162211390096418,0.0521668050243486,2.55,9.999999999999954,50.0398354898992,,9771,1349,1.8067731000046479,
3,baseline,0.0,joint,161,10.0,1.25,1.0,0.04998414634146341,1.0,120.0,120.0,deadline_exceeded,,0.2801098976613222,0.05411503608516001,2.55,9.999999999999996,49.99789674885932,,9979,1410,1.8167657000012696,
3,baseline,0.0,joint,161,10.0,1.5,1.0,0.04998414634146341,1.0,120.0,120.0,deadline_exceeded,,0.3612378808814267,0.05712102697506941,2.55,9.999999999999998,49.88571976869303,,9617,1232,1.7258664999972098,
3,baseline,0.0,joint,161,10.0,1.75,1.0,0.04998414634146341,1.0,120.0,120.0,deadline_exceeded,,0.46206928670476366,0.06133407342843916,2.55,9.999999999999948,49.68972805856236,,9531,1364,1.9160650999983773,
3,baseline,0.0,joint,161,10.0,2.0,1.0,0.04998414634146341,1.0,120.0,120.0,deadline_exceeded,,0.5828434385969427,0.06668222446079224,2.55,9.999999999999986,49.41763262846303,,9487,1273,1.6716010999953141,
3,baseline,0.0,joint,161,10.0,2.25,1.0,0.04998414634146341,1.0,120.0,120.0,deadline_exceeded,,0.7212089107849405,0.07285994086754691,2.5500000000000003,10.000000000000005,49.10065995860398,,9478,1252,1.7735070999915479,
3,baseline,0.0,joint,161,10.0,2.5,1.0,0.04998414634146341,1.0,120.0,120.0,deadline_exceeded,,0.8727270000085114,0.07942370103125238,2.55,9.999999999999995,48.76088046570384,,9436,1166,1.6690617999993265,
3,baseline,0.0,joint,161,10.0,2.75,1.0,0.04998414634146341,1.0,120.0,120.0,deadline_exceeded,,1.031927836939247,0.08592841464704794,2.55,10.000000000000103,48.42048125390722,,9390,1248,1.709219700001995,
3,baseline,0.0,joint,161,10.0,3.0,1.0,0.04998414634146341,1.0,120.0,120.0,deadline_exceeded,,1.1933401730080706,0.09202863536554927,2.5500000000000003,9.999999999999988,48.09506264775843,,9352,1171,1.8247585000062827,
3,baseline,0.0,joint,161,20.0,0.5,1.0,0.04998414634146341,1.0,120.0,120.0,dry,43.99738488518931,0.15,0.05155447669641693,2.55,19.999999999999993,50.089533547638055,0.0,5658,735,1.1473484999878565,
3,baseline,0.0,joint,161,20.0,0.75,1.0,0.04998414634146341,1.0,120.0,120.0,dry,100.14093354694346,0.15,0.05103121781341673,2.55,19.999999999999993,50.05593793285136,0.0,8963,1156,1.7167028999974718,
3,baseline,0.0,joint,161,20.0,1.0,1.0,0.04998414634146341,1.0,120.0,120.0,deadline_exceeded,,0.17565734248449635,0.05154409395168188,2.55,19.999999999999996,50.0398354898992,,10089,1332,1.7709423000051174,
3,baseline,0.0,joint,161,20.0,1.25,1.0,0.04998414634146341,1.0,120.0,120.0,deadline_exceeded,,0.21743987195787512,0.05281695639491757,2.55,19.999999999999993,49.99789674885932,,10502,1428,1.866159700002754,
3,baseline,0.0,joint,161,20.0,1.5,1.0,0.04998414634146341,1.0,120.0,120.0,deadline_exceeded,,0.26824318095989147,0.05476693754016802,2.55,19.999999999999996,49.88571976869303,,9615,1339,1.8070011000090744,
3,baseline,0.0,joint,161,20.0,1.75,1.0,0.04998414634146341,1.0,120.0,120.0,deadline_exceeded,,0.33010331856497593,0.05758425820232204,2.55,19.999999999999904,49.68972805856236,,9513,1202,1.7978814999951283,
3,baseline,0.0,joint,161,20.0,2.0,1.0,0.04998414634146341,1.0,120.0,120.0,deadline_exceeded,,0.4045800872150144,0.061406590795480685,2.55,19.999999999993772,49.41763262846303,,9508,1232,1.6858749999955762,
3,baseline,0.0,joint,161,20.0,2.25,1.0,0.04998414634146341,1.0,120.0,120.0,deadline_exceeded,,0.49239097367709367,0.06626265121274334,2.5500000000000003,19.99999999999641,49.100660731244275,,9463,1402,1.8768393999926047,
3,baseline,0.0,joint,161,20.0,2.5,1.0,0.04998414634146341,1.0,120.0,120.0,deadline_exceeded,,0.5931490105269351,0.07204161183795219,2.55,20.000000000000114,48.760883093148166,,9415,1353,1.7492723000032129,
3,baseline,0.0,joint,161,20.0,2.75,1.0,0.04998414634146341,1.0,120.0,120.0,deadline_exceeded,,0.7053453785130676,0.07850725871977318,2.55,19.9999999999526,48.42047965845757,,9640,1267,1.726876300002914,
3,baseline,0.0,joint,161,20.0,3.0,1.0,0.04998414634146341,1.0,120.0,120.0,deadline_exceeded,,0.8265855218016682,0.08534983890696861,2.5500000000000003,19.99999999993045,48.09506473524444,,9580,1302,1.769725300007849,
3,baseline,0.0,joint,161,30.0,0.5,1.0,0.04998414634146341,1.0,120.0,120.0,dry,30.061877760768823,0.15,0.05240551602801854,2.55,28.0,50.089533547638055,0.0,4776,632,1.0472644999972545,
3,baseline,0.0,joint,161,30.0,0.75,1.0,0.04998414634146341,1.0,120.0,120.0,dry,66.7351197582637,0.15,0.05159865887590361,2.55,28.0,50.05593793285136,0.0,6657,856,1.2744436000066344,
3,baseline,0.0,joint,161,30.0,1.0,1.0,0.04998414634146341,1.0,120.0,120.0,dry,117.76890802075044,0.15,0.05119518590846208,2.55,28.0,50.0398354898992,0.0,9605,1280,1.7571545999962837,
3,baseline,0.0,joint,161,30.0,1.25,1.0,0.04998414634146341,1.0,120.0,120.0,deadline_exceeded,,0.17827140433221572,0.052028595902640445,2.55,28.0,49.99789674885932,,10595,1376,1.9082610000041313,
3,baseline,0.0,joint,161,30.0,1.5,1.0,0.04998414634146341,1.0,120.0,120.0,deadline_exceeded,,0.21229714948042305,0.05332291825629469,2.55,28.0,49.88571976869303,,9597,1291,1.812427699987893,
3,baseline,0.0,joint,161,30.0,1.75,1.0,0.04998414634146341,1.0,120.0,120.0,deadline_exceeded,,0.2522510183531005,0.05517293731856351,2.55,28.0,49.68972805856236,,9688,1405,1.7769407000014326,
3,baseline,0.0,joint,161,30.0,2.0,1.0,0.04998414634146341,1.0,120.0,120.0,deadline_exceeded,,0.29928997789883677,0.057716179562840655,2.55,28.0,49.41763262846303,,9438,1324,1.881602399997064,
3,baseline,0.0,joint,161,30.0,2.25,1.0,0.04998414634146341,1.0,120.0,120.0,deadline_exceeded,,0.35440884619405144,0.06107099368934261,2.5500000000000003,28.0,49.1006577436835,,9432,1258,2.195607999994536,
3,baseline,0.0,joint,161,30.0,2.5,1.0,0.04998414634146341,1.0,120.0,120.0,deadline_exceeded,,0.41830054912120096,0.06530817991420604,2.55,28.0,48.76087751043878,,9389,1221,2.29255959999864,
3,baseline,0.0,joint,161,30.0,2.75,1.0,0.04998414634146341,1.0,120.0,120.0,deadline_exceeded,,0.49122219158017366,0.07042685487694375,2.55,28.0,48.420491228826634,,9364,1200,2.1002554000006057,
3,baseline,0.0,joint,161,30.0,3.0,1.0,0.04998414634146341,1.0,120.0,120.0,deadline_exceeded,,0.572911091308908,0.0763438572401744,2.5500000000000003,28.0,48.095057033823075,,9462,1305,2.5972203999990597,
3,baseline,0.0,joint,161,40.0,0.5,1.0,0.04998414634146341,1.0,120.0,120.0,dry,21.574548308769874,0.15,0.053616476581774666,2.55,28.0,50.089533547638055,0.0,4235,547,1.4363595999893732,
3,baseline,0.0,joint,161,40.0,0.75,1.0,0.04998414634146341,1.0,120.0,120.0,dry,46.38229552258182,0.14999999999999997,0.052405735684201565,2.55,28.0,50.05593793285136,2.7755575615628914e-17,5368,688,1.4990843999985373,
3,baseline,0.0,joint,161,40.0,1.0,1.0,0.04998414634146341,1.0,120.0,120.0,dry,80.70882979219495,0.15,0.05180054214470414,2.55,28.0,50.0398354898992,0.0,7839,1018,1.6143001000018558,
3,baseline,0.0,joint,161,40.0,1.25,1.0,0.04998414634146341,1.0,120.0,120.0,deadline_exceeded,,0.1522056588668104,0.05153751733666128,2.55,28.0,49.99789674885932,,10240,1325,2.7883529999962775,
3,baseline,0.0,joint,161,40.0,1.5,1.0,0.04998414634146341,1.0,120.0,120.0,deadline_exceeded,,0.1765732858441906,0.05244155705985639,2.55,28.0,49.88571976869303,,9628,1258,2.468440800003009,
3,baseline,0.0,joint,161,40.0,1.75,1.0,0.04998414634146341,1.0,120.0,120.0,deadline_exceeded,,0.2041532696255665,0.05370063125950716,2.55,28.0,49.68972805856236,,9791,1357,2.7463886000041384,
3,baseline,0.0,joint,161,40.0,2.0,1.0,0.04998414634146341,1.0,120.0,120.0,deadline_exceeded,,0.23564541548858384,0.05540892761653063,2.55,28.0,49.41763262846303,,9417,1242,2.3861652000050526,
3,baseline,0.0,joint,161,40.0,2.25,1.0,0.04998414634146341,1.0,120.0,120.0,deadline_exceeded,,0.271732129886439,0.05766653421026752,2.5500000000000003,28.0,49.10065977880217,,9428,1212,2.4038650000002235,
3,baseline,0.0,joint,161,40.0,2.5,1.0,0.04998414634146341,1.0,120.0,120.0,deadline_exceeded,,0.31304489129288016,0.060569208966173016,2.55,28.0,48.760858087081296,,9368,1374,2.523968399997102,
3,baseline,0.0,joint,161,40.0,2.75,1.0,0.04998414634146341,1.0,120.0,120.0,deadline_exceeded,,0.360112798333609,0.06419495728939607,2.55,28.0,48.42049495722553,,9292,1292,2.2960500000044703,
3,baseline,0.0,joint,161,40.0,3.0,1.0,0.04998414634146341,1.0,120.0,120.0,deadline_exceeded,,0.41330244938893695,0.06858964286645161,2.5500000000000003,28.0,48.095064696214514,,9291,1241,2.2235951000038767,
3,baseline,0.0,joint,161,50.0,0.5,1.0,0.04998414634146341,1.0,120.0,120.0,dry,16.295043152092735,0.15,0.05530054075694655,2.55,28.0,50.089533547638055,0.0,3749,482,1.174111999993329,
3,baseline,0.0,joint,161,50.0,0.75,1.0,0.04998414634146341,1.0,120.0,120.0,dry,33.69232992243938,0.15,0.05352673003798154,2.55,28.0,50.05593793285136,0.0,4470,572,1.3468805000011344,
3,baseline,0.0,joint,161,50.0,1.0,1.0,0.04998414634146341,1.0,120.0,120.0,dry,57.53563981987958,0.15,0.05264108028381914,2.55,28.0,50.0398354898992,0.0,5782,753,1.6766874000022653,
3,baseline,0.0,joint,161,50.0,1.25,1.0,0.04998414634146341,1.0,120.0,120.0,dry,87.89270785954218,0.15,0.05210984482888448,2.55,28.0,50.00000000000001,0.0,7977,1040,2.300649600001634,
3,baseline,0.0,joint,161,50.0,1.5,1.0,0.04998414634146341,1.0,120.0,120.0,deadline_exceeded,,0.15231506786761828,0.05188391528478092,2.55,28.0,50.00000000000001,,9452,1277,2.2292746000020998,
3,baseline,0.0,joint,161,50.0,1.75,1.0,0.04998414634146341,1.0,120.0,120.0,deadline_exceeded,,0.17256561742788928,0.05278633124259528,2.55,28.0,50.00000000000001,,10138,1342,2.3963029000005918,
3,baseline,0.0,joint,161,50.0,2.0,1.0,0.04998414634146341,1.0,120.0,120.0,deadline_exceeded,,0.1950201323771525,0.05398429479636284,2.55,28.0,50.00000000000001,,9279,1243,2.4962212999962503,
3,baseline,0.0,joint,161,50.0,2.25,1.0,0.04998414634146341,1.0,120.0,120.0,deadline_exceeded,,0.2200980669224566,0.055545640507927485,2.5500000000000003,28.0,50.00000000000001,,9306,1209,2.614589100005105,
3,baseline,0.0,joint,161,50.0,2.5,1.0,0.04998414634146341,1.0,120.0,120.0,deadline_exceeded,,0.2482156457251736,0.057543913002936556,2.55,28.0,50.00000000000001,,9247,1341,2.7111413999955403,
3,baseline,0.0,joint,161,50.0,2.75,1.0,0.04998414634146341,1.0,120.0,120.0,deadline_exceeded,,0.2797755559347908,0.06005404103072716,2.55,28.0,50.00000000000001,,9169,1263,2.1423813000001246,
3,baseline,0.0,joint,161,50.0,3.0,1.0,0.04998414634146341,1.0,120.0,120.0,deadline_exceeded,,0.31514767290501217,0.06314616079149685,2.5500000000000003,28.0,50.00000000000001,,9163,1201,2.5967622000025585,
3,baseline,0.0,joint,161,60.0,0.5,1.0,0.04998414634146341,1.0,120.0,120.0,dry,12.95785784625996,0.15,0.057598640571282084,2.55,28.0,60.000000000000014,0.0,3699,476,1.2450013000052422,
3,baseline,0.0,joint,161,60.0,0.75,1.0,0.04998414634146341,1.0,120.0,120.0,dry,25.624196029662173,0.15,0.05505160827837064,2.55,28.0,60.000000000000014,0.0,4116,506,1.151137300010305,
3,baseline,0.0,joint,161,60.0,1.0,1.0,0.04998414634146341,1.0,120.0,120.0,dry,42.738354704071924,0.15,0.05378345492253368,2.55,28.0,60.00000000000001,0.0,5054,669,1.4852633999980753,
3,baseline,0.0,joint,161,60.0,1.25,1.0,0.04998414634146341,1.0,120.0,120.0,dry,64.34737622542627,0.15,0.053023446025833275,2.55,28.0,60.000000001193996,0.0,6455,843,1.8483482000010554,
3,baseline,0.0,joint,161,60.0,1.5,1.0,0.04998414634146341,1.0,120.0,120.0,dry,90.48816904071948,0.15,0.052516971614404225,2.55,28.0,60.00000000020878,0.0,7847,1045,2.0312782999972114,
3,baseline,0.0,joint,161,60.0,1.75,1.0,0.04998414634146341,1.0,120.0,120.0,deadline_exceeded,,0.15058558800091676,0.05219434737242043,2.55,28.0,60.00000000000001,,9969,1313,2.5811065000016242,
3,baseline,0.0,joint,161,60.0,2.0,1.0,0.04998414634146341,1.0,120.0,120.0,deadline_exceeded,,0.1675103407879741,0.053077589920973806,2.55,28.0,60.00000000229894,,9565,1289,2.7171149000059813,
3,baseline,0.0,joint,161,60.0,2.25,1.0,0.04998414634146341,1.0,120.0,120.0,deadline_exceeded,,0.18597268802133668,0.054207874950480225,2.5500000000000003,28.0,60.000000000090274,,9421,1228,2.5803893999982392,
3,baseline,0.0,joint,161,60.0,2.5,1.0,0.04998414634146341,1.0,120.0,120.0,deadline_exceeded,,0.206234678633171,0.05563522653839941,2.55,28.0,60.00000000000001,,9859,1380,2.605176600001869,
3,baseline,0.0,joint,161,60.0,2.75,1.0,0.04998414634146341,1.0,120.0,120.0,deadline_exceeded,,0.22855926063504156,0.05741458762351323,2.55,28.0,60.00000000000001,,9327,1334,2.596947799989721,
3,baseline,0.0,joint,161,60.0,3.0,1.0,0.04998414634146341,1.0,120.0,120.0,deadline_exceeded,,0.25320711935248424,0.0596039892326148,2.5500000000000003,28.0,60.00000000000001,,9296,1293,2.496499099986977,
3,baseline,0.0,joint,161,70.0,0.5,1.0,0.04998414634146341,1.0,120.0,120.0,dry,10.822302664153524,0.15,0.06069452744755358,2.55,28.0,70.00000000000003,0.0,3606,469,1.2189191999932518,
3,baseline,0.0,joint,161,70.0,0.75,1.0,0.04998414634146341,1.0,120.0,120.0,dry,20.40877953343261,0.15,0.05708978894673336,2.55,28.0,70.00000000000003,0.0,3837,477,1.188434600000619,
3,baseline,0.0,joint,161,70.0,1.0,1.0,0.04998414634146341,1.0,120.0,120.0,dry,33.11559201548552,0.15,0.055307160527908246,2.55,28.0,70.00000000000001,0.0,4512,560,1.3920360000047367,
3,baseline,0.0,joint,161,70.0,1.25,1.0,0.04998414634146341,1.0,120.0,120.0,dry,48.97692526514243,0.15,0.05424100964550866,2.55,28.0,70.00000000000003,0.0,5417,715,1.7162604000041028,
3,baseline,0.0,joint,161,70.0,1.5,1.0,0.04998414634146341,1.0,120.0,120.0,dry,68.02652033099761,0.15,0.053531131764936415,2.55,28.0,70.00000000000003,0.0,6554,868,1.5707230999978492,
3,baseline,0.0,joint,161,70.0,1.75,1.0,0.04998414634146341,1.0,120.0,120.0,dry,90.2913101381958,0.15,0.05302435938345178,2.55,28.0,70.00000000000001,0.0,7947,1048,1.8867494000005536,
3,baseline,0.0,joint,161,70.0,2.0,1.0,0.04998414634146341,1.0,120.0,120.0,dry,115.79230685536834,0.15,0.05264437988562114,2.55,28.0,70.00000000000001,0.0,9299,1241,2.3630475999962073,
3,baseline,0.0,joint,161,70.0,2.25,1.0,0.04998414634146341,1.0,120.0,120.0,deadline_exceeded,,0.16214615584621786,0.05333203483512413,2.5500000000000003,28.0,70.00000000000001,,10044,1343,2.597331500001019,
3,baseline,0.0,joint,161,70.0,2.5,1.0,0.04998414634146341,1.0,120.0,120.0,deadline_exceeded,,0.17751955352138016,0.05439842925898424,2.55,28.0,70.00000000000001,,9396,1277,2.151517500009504,
3,baseline,0.0,joint,161,70.0,2.75,1.0,0.04998414634146341,1.0,120.0,120.0,deadline_exceeded,,0.1941611597170376,0.05571180802783823,2.55,28.0,70.00000000000001,,9327,1212,2.2679686000046786,
3,baseline,0.0,joint,161,70.0,3.0,1.0,0.04998414634146341,1.0,120.0,120.0,deadline_exceeded,,0.21224316887306538,0.057314169008017474,2.5500000000000003,28.0,70.00000000000001,,9325,1164,2.2695285999943735,
3,baseline,0.0,joint,161,80.0,0.5,1.0,0.04998414634146341,1.0,120.0,120.0,dry,9.441910041908672,0.15,0.06485796115544047,2.55,28.0,80.00000000000004,0.0,3547,462,0.9679542999947444,
3,baseline,0.0,joint,161,80.0,0.75,1.0,0.04998414634146341,1.0,120.0,120.0,dry,16.99028842447686,0.15,0.05977905847077433,2.55,28.0,80.00000000000003,0.0,3642,456,1.1413900000043213,
3,baseline,0.0,joint,161,80.0,1.0,1.0,0.04998414634146341,1.0,120.0,120.0,dry,26.75881884360851,0.15000000000000002,0.057307743686271395,2.55,28.0,80.00000000000001,2.7755575615628914e-17,4122,518,1.2870085000031395,
3,baseline,0.0,joint,161,80.0,1.25,1.0,0.04998414634146341,1.0,120.0,120.0,dry,38.77369063137084,0.15,0.0558366376928576,2.55,28.0,80.00000000000003,0.0,4858,591,1.5207805999962147,
3,baseline,0.0,joint,161,80.0,1.5,1.0,0.04998414634146341,1.0,120.0,120.0,dry,53.065733977460226,0.15000000000000002,0.05485901392541766,2.55,28.0,80.00000000000001,2.7755575615628914e-17,5633,734,1.418398800000432,
3,baseline,0.0,joint,161,80.0,1.75,1.0,0.04998414634146341,1.0,120.0,120.0,dry,69.66093352738125,0.15,0.054161771455954674,2.55,28.0,80.00000000000001,0.0,6554,866,1.765701700001955,
3,baseline,0.0,joint,161,80.0,2.0,1.0,0.04998414634146341,1.0,120.0,120.0,dry,88.5800735510116,0.15,0.05363925907009994,2.55,28.0,80.00000000000001,0.0,7595,1005,2.0679218000004767,
3,baseline,0.0,joint,161,80.0,2.25,1.0,0.04998414634146341,1.0,120.0,120.0,dry,109.83942126254064,0.15,0.053233043088253246,2.5500000000000003,28.0,80.00000000000001,0.0,8883,1148,1.7397853000002215,
3,baseline,0.0,joint,161,80.0,2.5,1.0,0.04998414634146341,1.0,120.0,120.0,deadline_exceeded,,0.1568779588636396,0.05356446899748046,2.55,28.0,80.00000000000001,,9926,1333,2.291740100001334,
3,baseline,0.0,joint,161,80.0,2.75,1.0,0.04998414634146341,1.0,120.0,120.0,deadline_exceeded,,0.16985767857855202,0.054575561993238375,2.55,28.0,80.00000000000001,,9409,1274,2.5196239999932004,
3,baseline,0.0,joint,161,80.0,3.0,1.0,0.04998414634146341,1.0,120.0,120.0,deadline_exceeded,,0.18375771726817938,0.05579626364478876,2.5500000000000003,28.0,80.00000000000001,,9346,1219,2.2713359000044875,
3,baseline,0.0,joint,161,90.0,0.5,1.0,0.04998414634146341,1.0,120.0,120.0,dry,8.540650131481101,0.15,0.07055022034008437,2.55,28.0,90.00000000000001,0.0,3529,457,1.0574904000095557,
3,baseline,0.0,joint,161,90.0,0.75,1.0,0.04998414634146341,1.0,120.0,120.0,dry,14.72371306811662,0.15,0.06330954603317362,2.55,28.0,90.00000000000001,0.0,3530,444,1.2000677000032738,
3,baseline,0.0,joint,161,90.0,1.0,1.0,0.04998414634146341,1.0,120.0,120.0,dry,22.503638247117077,0.15,0.05990447243443103,2.55,28.0,90.00000000000001,0.0,3885,493,1.0237914000026649,
3,baseline,0.0,joint,161,90.0,1.25,1.0,0.04998414634146341,1.0,120.0,120.0,dry,31.902239901350168,0.15000000000000002,0.057899058457355074,2.55,28.0,90.00000000000001,2.7755575615628914e-17,4438,544,1.1672571999952197,
3,baseline,0.0,joint,161,90.0,1.5,1.0,0.04998414634146341,1.0,120.0,120.0,dry,42.94832142359724,0.15,0.05657201882563479,2.55,28.0,90.00000000000001,0.0,5029,611,1.4080392000032589,
3,baseline,0.0,joint,161,90.0,1.75,1.0,0.04998414634146341,1.0,120.0,120.0,dry,55.666784941354926,0.15,0.05562753151441198,2.55,28.0,90.00000000000001,0.0,5706,742,1.5258715000090888,
3,baseline,0.0,joint,161,90.0,2.0,1.0,0.04998414634146341,1.0,120.0,120.0,dry,70.07784622984867,0.15,0.05492054779682804,2.55,28.0,90.00000000000001,0.0,6475,852,1.5989528000063729,
3,baseline,0.0,joint,161,90.0,2.25,1.0,0.04998414634146341,1.0,120.0,120.0,dry,86.19737114377745,0.15,0.054371302358442404,2.5500000000000003,28.0,90.00000000000001,0.0,7512,996,1.9806245999934617,
3,baseline,0.0,joint,161,90.0,2.5,1.0,0.04998414634146341,1.0,120.0,120.0,dry,104.03780887271824,0.15,0.05393221847364784,2.55,28.0,90.00000000000001,0.0,9000,1216,1.8861505999957444,
3,baseline,0.0,joint,161,90.0,2.75,1.0,0.04998414634146341,1.0,120.0,120.0,deadline_exceeded,,0.15191147179180917,0.0537868753648808,2.55,28.0,90.00000000000001,,10020,1336,2.6691808000032324,
3,baseline,0.0,joint,161,90.0,3.0,1.0,0.04998414634146341,1.0,120.0,120.0,deadline_exceeded,,0.1630251010042111,0.054753007618097274,2.5500000000000003,28.0,90.00000000000001,,9380,1271,2.087224699993385,
3,temperature_c,-273.15,guard,161,-273.15,1.0,1.0,0.04998414634146341,1.0,120.0,120.0,invalid_input,,,,,,,,,,0.0,nonpositive_absolute_temperature
3,radius_scale,0.0,guard,161,49.99875609756098,0.0,1.0,0.04998414634146341,1.0,120.0,120.0,invalid_input,,,,,,,,,,0.0,nonpositive_radius_scale
3,diffusivity_scale,0.0,guard,161,49.99875609756098,1.0,0.0,0.04998414634146341,1.0,120.0,120.0,invalid_input,,,,,,,,,,0.0,nonpositive_diffusivity_scale
3,moisture,-0.01,guard,161,49.99875609756098,1.0,1.0,-0.01,1.0,120.0,120.0,invalid_input,,,,,,,,,,0.0,negative_environment_moisture
3,boundary_time_scale,0.0,guard,161,49.99875609756098,1.0,1.0,0.04998414634146341,0.0,120.0,120.0,invalid_input,,,,,,,,,,0.0,nonpositive_boundary_time_scale
4,baseline,0.0,baseline,161,49.99875609756098,1.0,1.0,0.04998414634146341,1.0,120.0,120.0,dry,51.10272094077694,0.15,0.05260350340659739,2.5500000000000003,28.0,50.049857853342466,0.0,5698,746,1.605151299998397,
4,temperature_c,0.0,oat,161,0.0,1.0,1.0,0.04998414634146341,1.0,120.0,120.0,deadline_exceeded,,0.36676385805084155,0.05348243107051321,2.5500000000000003,-1.0316507174954588e-10,50.049857853342466,,10028,1302,2.2081733999948483,
4,temperature_c,5.0,oat,161,5.0,1.0,1.0,0.04998414634146341,1.0,120.0,120.0,deadline_exceeded,,0.294613622205016,0.05271299567800519,2.5500000000000003,4.9999999960357675,50.049857853342466,,10076,1292,2.6594553000031738,
4,temperature_c,10.0,oat,161,10.0,1.0,1.0,0.04998414634146341,1.0,120.0,120.0,deadline_exceeded,,0.2423249561897573,0.05210691331294766,2.5500000000000003,9.999999995979918,50.049857853342466,,10111,1259,2.311512100000982,
4,temperature_c,15.0,oat,161,15.0,1.0,1.0,0.04998414634146341,1.0,120.0,120.0,deadline_exceeded,,0.2041767874588872,0.05164884820084572,2.5500000000000003,14.999999996583107,50.049857853342466,,10069,1354,2.024466000002576,
4,temperature_c,20.0,oat,161,20.0,1.0,1.0,0.04998414634146341,1.0,120.0,120.0,deadline_exceeded,,0.1759022295659203,0.051308479935217796,2.5500000000000003,19.999999998657373,50.049857853342466,,10061,1415,2.925474599993322,
4,temperature_c,25.0,oat,161,25.0,1.0,1.0,0.04998414634146341,1.0,120.0,120.0,deadline_exceeded,,0.15451690330061474,0.05105582543081776,2.5500000000000003,24.99999999903109,50.049857853342466,,10077,1382,2.905355700000655,
4,temperature_c,30.0,oat,161,30.0,1.0,1.0,0.04998414634146341,1.0,120.0,120.0,dry,103.35726836724233,0.15,0.05117933977109584,2.5500000000000003,28.0,50.049857853342466,0.0,9331,1279,2.0541452999896137,
4,temperature_c,35.0,oat,161,35.0,1.0,1.0,0.04998414634146341,1.0,120.0,120.0,dry,85.42489649790494,0.15,0.05145288893667621,2.5500000000000003,28.0,50.049857853342466,0.0,7950,1086,1.726158999998006,
4,temperature_c,40.0,oat,161,40.0,1.0,1.0,0.04998414634146341,1.0,120.0,120.0,dry,71.29017448595036,0.15,0.051777248412578046,2.5500000000000003,28.0,50.049857853342466,0.0,7061,971,2.084384100002353,
4,temperature_c,45.0,oat,161,45.0,1.0,1.0,0.04998414634146341,1.0,120.0,120.0,dry,60.068678978683536,0.15,0.05215782280833862,2.5500000000000003,28.0,50.049857853342466,0.0,6374,844,1.7607925000047544,
4,temperature_c,50.0,oat,161,50.0,1.0,1.0,0.04998414634146341,1.0,120.0,120.0,dry,51.1007267590761,0.15,0.05260362367060988,2.5500000000000003,28.0,50.049857853342466,0.0,5685,762,1.6538079000019934,
4,temperature_c,55.0,oat,161,55.0,1.0,1.0,0.04998414634146341,1.0,120.0,120.0,dry,43.906729336266785,0.15,0.05312573607794678,2.5500000000000003,28.0,55.00000026630501,0.0,5393,689,1.342668400000548,
4,temperature_c,60.0,oat,161,60.0,1.0,1.0,0.04998414634146341,1.0,120.0,120.0,dry,38.11046747722223,0.15,0.05373183413105237,2.5500000000000003,28.0,60.000000000000014,0.0,5074,647,1.2698655999993207,
4,temperature_c,65.0,oat,161,65.0,1.0,1.0,0.04998414634146341,1.0,120.0,120.0,dry,33.41758825268336,0.15,0.05442862848183204,2.5500000000000003,28.0,65.00000001111327,0.0,4765,624,1.5686964000051375,
4,temperature_c,70.0,oat,161,70.0,1.0,1.0,0.04998414634146341,1.0,120.0,120.0,dry,29.599960248512723,0.14999999999999997,0.055233983564739304,2.5500000000000003,28.0,70.00000000000001,2.7755575615628914e-17,4579,596,1.3347728999942774,
4,temperature_c,75.0,oat,161,75.0,1.0,1.0,0.04998414634146341,1.0,120.0,120.0,dry,26.48152588649008,0.15,0.05614778380551306,2.5500000000000003,28.0,75.0000000002607,0.0,4403,574,1.1817139000049792,
4,temperature_c,80.0,oat,161,80.0,1.0,1.0,0.04998414634146341,1.0,120.0,120.0,dry,23.92388796050704,0.15,0.057194467781041036,2.5500000000000003,28.0,80.00000000000001,0.0,4239,561,1.0636743999930331,
4,temperature_c,85.0,oat,161,85.0,1.0,1.0,0.04998414634146341,1.0,120.0,120.0,dry,21.817099764107237,0.15,0.05837945504525393,2.5500000000000003,28.0,85.00000000000001,0.0,4129,539,1.1348091999971075,
4,temperature_c,90.0,oat,161,90.0,1.0,1.0,0.04998414634146341,1.0,120.0,120.0,dry,20.07444957524156,0.14999999999999997,0.05971495809905025,2.5500000000000003,28.0,90.00000000000001,2.7755575615628914e-17,4044,526,1.2365030999935698,
4,temperature_c,95.0,oat,161,95.0,1.0,1.0,0.04998414634146341,1.0,120.0,120.0,dry,18.62773991147179,0.15,0.061232503466405866,2.5500000000000003,28.0,95.00000000000001,0.0,3940,517,0.9377270999975735,
4,temperature_c,100.0,oat,161,100.0,1.0,1.0,0.04998414634146341,1.0,120.0,120.0,dry,17.423805605010184,0.15,0.06294239978071844,2.5500000000000003,28.0,100.00000000000001,0.0,3864,506,0.9879175999958534,
4,radius_scale,0.25,oat,161,49.99875609756098,0.25,1.0,0.04998414634146341,1.0,120.0,120.0,dry,5.9777603697687365,0.14999999999999997,0.059180753144175806,2.55,28.0,50.14508573406226,2.7755575615628914e-17,4394,590,1.0838618999987375,
4,radius_scale,0.29730177875068026,oat,161,49.99875609756098,0.29730177875068026,1.0,0.04998414634146341,1.0,120.0,120.0,dry,7.573310730890874,0.15,0.05803057063781216,2.55,28.0,50.130542481466556,0.0,4071,542,1.2470048000104725,
4,radius_scale,0.3535533905932738,oat,161,49.99875609756098,0.3535533905932738,1.0,0.04998414634146341,1.0,120.0,120.0,dry,9.643445094233254,0.15000000000000002,0.056957625930549836,2.55,28.0,50.115965065034835,2.7755575615628914e-17,3869,505,1.3189964000048349,
4,radius_scale,0.42044820762685725,oat,161,49.99875609756098,0.42044820762685725,1.0,0.04998414634146341,1.0,120.0,120.0,dry,12.370138866175308,0.15,0.05600133394871936,2.55,28.0,50.103608401144825,0.0,3873,504,1.0890147000027355,
4,radius_scale,0.5,oat,161,49.99875609756098,0.5,1.0,0.04998414634146341,1.0,120.0,120.0,dry,16.02156611859377,0.15,0.05514032527031017,2.55,28.0,50.092274657128726,0.0,4000,528,1.2250176999950781,
4,radius_scale,0.5946035575013605,oat,161,49.99875609756098,0.5946035575013605,1.0,0.04998414634146341,1.0,120.0,120.0,dry,20.99854129629978,0.14999999999999997,0.05436400239902815,2.55,28.0,50.082698592532886,2.7755575615628914e-17,4257,566,1.1810459999978775,
4,radius_scale,0.7071067811865475,oat,161,49.99875609756098,0.7071067811865475,1.0,0.04998414634146341,1.0,120.0,120.0,dry,27.8879119126339,0.15,0.053684174732885594,2.55,28.0,50.07129880574143,0.0,4432,585,1.1418542000028538,
4,radius_scale,0.8408964152537145,oat,161,49.99875609756098,0.8408964152537145,1.0,0.04998414634146341,1.0,120.0,120.0,dry,37.532365891034694,0.15,0.0530997408585706,2.55,28.0,50.057472606206616,0.0,5019,681,1.3154639999993378,
4,radius_scale,1.0,oat,161,49.99875609756098,1.0,1.0,0.04998414634146341,1.0,120.0,120.0,dry,51.10272094077694,0.15,0.05260350340659739,2.5500000000000003,28.0,50.049857853342466,0.0,5698,746,1.474109300004784,
4,radius_scale,1.189207115002721,oat,161,49.99875609756098,1.189207115002721,1.0,0.04998414634146341,1.0,120.0,120.0,dry,70.21352923917915,0.15,0.052190120530471826,2.5500000000000003,28.0,50.025631729295476,0.0,6684,855,1.72455159999663,
4,radius_scale,1.4142135623730951,oat,161,49.99875609756098,1.4142135623730951,1.0,0.04998414634146341,1.0,120.0,120.0,dry,97.13041862568281,0.15,0.05183898795217953,2.5500000000000003,28.0,49.998756100282975,0.0,8321,1146,2.0161897000070894,
4,radius_scale,1.6817928305074292,oat,161,49.99875609756098,1.6817928305074292,1.0,0.04998414634146341,1.0,120.0,120.0,deadline_exceeded,,0.16131973933226923,0.05198955715600126,2.5500000000000003,28.0,49.998756099727025,,9520,1223,2.1465905000077328,
4,radius_scale,1.9999999999999998,oat,161,49.99875609756098,1.9999999999999998,1.0,0.04998414634146341,1.0,120.0,120.0,deadline_exceeded,,0.2032004555421757,0.05347331504201169,2.5500000000000003,28.0,49.99875635432428,,9515,1213,1.9943714999972144,
4,radius_scale,2.378414230005442,oat,161,49.99875609756098,2.378414230005442,1.0,0.04998414634146341,1.0,120.0,120.0,deadline_exceeded,,0.268147304707037,0.05623504207858729,2.5500000000000003,28.0,49.998756097560985,,9484,1191,2.1963036000088323,
4,radius_scale,2.82842712474619,oat,161,49.99875609756098,2.82842712474619,1.0,0.04998414634146341,1.0,120.0,120.0,deadline_exceeded,,0.37149179571953805,0.06125404775584908,2.5500000000000003,28.0,49.998756097560985,,9384,1164,2.321053200008464,
4,radius_scale,3.363585661014858,oat,161,49.99875609756098,3.363585661014858,1.0,0.04998414634146341,1.0,120.0,120.0,deadline_exceeded,,0.5342872290952104,0.06964682692561126,2.5500000000000003,28.0,49.998756097560985,,9425,1212,2.0947423999896273,
4,radius_scale,4.0,oat,161,49.99875609756098,4.0,1.0,0.04998414634146341,1.0,120.0,120.0,deadline_exceeded,,0.7759439197804952,0.08174024489812642,2.5500000000000003,28.0,49.998756097560985,,9268,1214,2.4871306999993976,
4,diffusivity_scale,0.02,oat,161,49.99875609756098,1.0,0.02,0.04998414634146341,1.0,120.0,120.0,deadline_exceeded,,1.939126555117192,0.06009703190602856,2.5500000000000003,28.0,50.03808969924219,,9755,1435,2.094224500004202,
4,diffusivity_scale,0.028242377012693557,oat,161,49.99875609756098,1.0,0.028242377012693557,0.04998414634146341,1.0,120.0,120.0,deadline_exceeded,,1.5650257038513662,0.06029185943690737,2.55,28.0,50.03944540043872,,9733,1425,2.0910839999996824,
4,diffusivity_scale,0.039881592966356065,oat,161,49.99875609756098,1.0,0.039881592966356065,0.04998414634146341,1.0,120.0,120.0,deadline_exceeded,,1.1821816708338821,0.05966736929011796,2.55,28.0,50.04046708632754,,9670,1383,2.083630200009793,
4,diffusivity_scale,0.056317549221130775,oat,161,49.99875609756098,1.0,0.056317549221130775,0.04998414634146341,1.0,120.0,120.0,deadline_exceeded,,0.8454423164645285,0.05817212582229763,2.55,28.0,50.041278941499584,,9687,1388,2.175162600004114,
4,diffusivity_scale,0.07952707287670507,oat,161,49.99875609756098,1.0,0.07952707287670507,0.04998414634146341,1.0,120.0,120.0,deadline_exceeded,,0.5859113284429709,0.05619830499476973,2.5500000000000003,28.0,50.042372670289886,,9825,1262,2.5948707000061404,
4,diffusivity_scale,0.11230167874499301,oat,161,49.99875609756098,1.0,0.11230167874499301,0.04998414634146341,1.0,120.0,120.0,deadline_exceeded,,0.40663924303461707,0.054316219451495514,2.5500000000000003,28.0,50.04332922341685,,9885,1294,2.2362053000106243,
4,diffusivity_scale,0.15858331751372434,oat,161,49.99875609756098,1.0,0.15858331751372434,0.04998414634146341,1.0,120.0,120.0,deadline_exceeded,,0.2911829114733525,0.05287483699249404,2.5500000000000003,28.0,50.04462190031578,,9894,1226,2.3599715000018477,
4,diffusivity_scale,0.22393849205731456,oat,161,49.99875609756098,1.0,0.22393849205731456,0.04998414634146341,1.0,120.0,120.0,deadline_exceeded,,0.21841019545202034,0.051907803833108446,2.5500000000000003,28.0,50.04575734197375,,9822,1217,2.449479799994151,
4,diffusivity_scale,0.31622776601683794,oat,161,49.99875609756098,1.0,0.31622776601683794,0.04998414634146341,1.0,120.0,120.0,deadline_exceeded,,0.1717236819436347,0.05129579914596872,2.5500000000000003,28.0,50.04677053157784,,9907,1341,2.4704305000050226,
4,diffusivity_scale,0.44655118948646894,oat,161,49.99875609756098,1.0,0.44655118948646894,0.04998414634146341,1.0,120.0,120.0,dry,107.1695553013147,0.15,0.05115539525013321,2.5500000000000003,28.0,50.04770841069879,0.0,9030,1214,1.828148999993573,
4,diffusivity_scale,0.6305833524471807,oat,161,49.99875609756098,1.0,0.6305833524471807,0.04998414634146341,1.0,120.0,120.0,dry,77.53747382047423,0.15,0.05163818964097574,2.5500000000000003,28.0,50.04892018071064,0.0,7446,1038,1.6166061999974772,
4,diffusivity_scale,0.8904586388870747,oat,161,49.99875609756098,1.0,0.8904586388870747,0.04998414634146341,1.0,120.0,120.0,dry,56.64193655889125,0.15,0.05231634683043113,2.55,28.0,50.04987996456985,0.0,5970,799,1.4609369999961928,
4,diffusivity_scale,1.2574334296829353,oat,161,49.99875609756098,1.0,1.2574334296829353,0.04998414634146341,1.0,120.0,120.0,dry,41.928931675107286,0.15,0.053278792511713115,2.5500000000000003,28.0,50.05072997979184,0.0,5099,646,1.373804500006372,
4,diffusivity_scale,1.7756454494734875,oat,161,49.99875609756098,1.0,1.7756454494734875,0.04998414634146341,1.0,120.0,120.0,dry,31.635297404320262,0.15,0.05463684110127986,2.55,28.0,50.051232470891314,0.0,4518,589,1.2169670000002952,
4,diffusivity_scale,2.5074224112451966,oat,161,49.99875609756098,1.0,2.5074224112451966,0.04998414634146341,1.0,120.0,120.0,dry,24.46128118494856,0.15,0.056550590378997484,2.55,28.0,50.05216665532223,0.0,4079,546,1.0004981999954907,
4,diffusivity_scale,3.540778453423199,oat,161,49.99875609756098,1.0,3.540778453423199,0.04998414634146341,1.0,120.0,120.0,dry,19.47678882790994,0.15,0.059240689648079374,2.55,28.0,50.05298836580403,0.0,3636,481,1.1742366999969818,
4,diffusivity_scale,5.0,oat,161,49.99875609756098,1.0,5.0,0.04998414634146341,1.0,120.0,120.0,dry,16.02529881931234,0.14999999999999997,0.06306321515604091,2.55,28.0,50.05364890601367,2.7755575615628914e-17,3472,466,0.8857865000027232,
4,moisture,0.0,oat,161,49.99875609756098,1.0,1.0,0.0,1.0,120.0,120.0,dry,51.44994857123172,0.15,0.002478180048357017,2.5500000000000003,28.0,50.049857853342466,0.0,5782,726,1.6109272000030614,
4,moisture,0.025,oat,161,49.99875609756098,1.0,1.0,0.025,1.0,120.0,120.0,dry,50.91325654114739,0.15,0.02761743317965544,2.5500000000000003,28.0,50.049857853342466,0.0,5717,753,1.3825548999884631,
4,moisture,0.05,oat,161,49.99875609756098,1.0,1.0,0.05,1.0,120.0,120.0,dry,51.10305525196132,0.14999999999999997,0.052619318226334616,2.5500000000000003,28.0,50.049857853342466,2.7755575615628914e-17,5698,745,1.4320392000081483,
4,moisture,0.075,oat,161,49.99875609756098,1.0,1.0,0.075,1.0,120.0,120.0,dry,52.16100480916065,0.15,0.07743874101195522,2.5500000000000003,28.0,50.049857853342466,0.0,5740,775,1.604892600007588,
4,moisture,0.1,oat,161,49.99875609756098,1.0,1.0,0.1,1.0,120.0,120.0,dry,55.055678641217334,0.15,0.10194244315836154,2.5500000000000003,28.0,50.049857853342466,0.0,5939,817,1.495344800001476,
4,moisture,0.12,oat,161,49.99875609756098,1.0,1.0,0.12,1.0,120.0,120.0,dry,60.38030681152161,0.15,0.12130527690770328,2.5500000000000003,28.0,50.049857853342466,0.0,6267,877,1.6320298000064213,
4,moisture,0.13,oat,161,49.99875609756098,1.0,1.0,0.13,1.0,120.0,120.0,dry,65.52406564218053,0.15,0.13091245123294507,2.5500000000000003,28.0,50.049857853342466,0.0,6557,925,1.6872249000007287,
4,moisture,0.14,oat,161,49.99875609756098,1.0,1.0,0.14,1.0,120.0,120.0,dry,75.62987166023063,0.15,0.1404761111384313,2.5500000000000003,28.0,50.049857853342466,0.0,7188,1018,1.662985499991919,
4,moisture,0.145,oat,161,49.99875609756098,1.0,1.0,0.145,1.0,120.0,120.0,dry,86.93675826891932,0.15,0.1452425826363243,2.5500000000000003,28.0,50.049857853342466,0.0,7951,1133,1.858565799993812,
4,moisture,0.148,oat,161,49.99875609756098,1.0,1.0,0.148,1.0,120.0,120.0,dry,103.10367996831027,0.15,0.14809806546707258,2.5500000000000003,28.0,50.049857853342466,0.0,8942,1293,2.165902600012487,
4,moisture,0.149,oat,161,49.99875609756098,1.0,1.0,0.149,1.0,120.0,120.0,dry,115.92335313867376,0.15,0.1490492000117336,2.5500000000000003,28.0,50.049857853342466,0.0,9703,1428,2.193775199993979,
4,moisture,0.15,oat,161,49.99875609756098,1.0,1.0,0.15,1.0,120.0,120.0,deadline_exceeded,,0.15076957999176296,0.15003827908094744,2.5500000000000003,28.0,50.049857853342466,,9957,1444,2.545281300001079,
4,moisture,0.155,oat,161,49.99875609756098,1.0,1.0,0.155,1.0,120.0,120.0,deadline_exceeded,,0.15558131822972726,0.15503075602506328,2.5500000000000003,28.0,50.049857853342466,,9864,1474,2.382460599998012,
4,moisture,0.17,oat,161,49.99875609756098,1.0,1.0,0.17,1.0,120.0,120.0,deadline_exceeded,,0.17025245825814625,0.1700157599946807,2.5500000000000003,28.0,50.049857853342466,,9815,1439,2.506569200006197,
4,moisture,0.2,oat,161,49.99875609756098,1.0,1.0,0.2,1.0,120.0,120.0,deadline_exceeded,,0.2000517331116127,0.2000041825338197,2.5500000000000003,28.0,50.049857853342466,,9839,1379,2.215032699998119,
4,moisture,0.3,oat,161,49.99875609756098,1.0,1.0,0.3,1.0,120.0,120.0,deadline_exceeded,,0.3000008199232435,0.30000010739482225,2.5500000000000003,28.0,50.049857853342466,,9870,1262,2.468862800000352,
4,boundary_time_scale,0.1,oat,161,49.99875609756098,1.0,1.0,0.04998414634146341,0.1,120.0,120.0,dry,51.02207761407775,0.15,0.05260350339636054,2.55,28.0,49.99875662765481,0.0,4669,607,1.0987727999890922,
4,boundary_time_scale,0.25,oat,161,49.99875609756098,1.0,1.0,0.04998414634146341,0.25,120.0,120.0,dry,51.033103162001076,0.15,0.05260350340813754,2.5500000000000003,28.0,49.99875623594793,0.0,5087,686,1.446375600004103,
4,boundary_time_scale,0.5,oat,161,49.99875609756098,1.0,1.0,0.04998414634146341,0.5,120.0,120.0,dry,51.05400592172486,0.15,0.05260350341717122,2.5500000000000003,28.0,49.998756885564596,0.0,5335,718,1.3795853999909014,
4,boundary_time_scale,1.0,oat,161,49.99875609756098,1.0,1.0,0.04998414634146341,1.0,120.0,120.0,dry,51.10272094077694,0.15,0.05260350340659739,2.5500000000000003,28.0,50.049857853342466,0.0,5698,746,1.5457637999934377,
4,boundary_time_scale,2.0,oat,161,49.99875609756098,1.0,1.0,0.04998414634146341,2.0,120.0,120.0,dry,51.22088730633559,0.15,0.05260350345501598,2.55,28.0,50.104111255949064,0.0,6215,842,1.8385778999945614,
4,boundary_time_scale,4.0,oat,161,49.99875609756098,1.0,1.0,0.04998414634146341,4.0,120.0,120.0,dry,51.516977291550845,0.15,0.05260350352157877,2.55,28.0,50.15018709979216,0.0,6840,931,2.1260443999926792,
4,boundary_time_scale,8.0,oat,161,49.99875609756098,1.0,1.0,0.04998414634146341,8.0,120.0,120.0,dry,52.28121220066972,0.15,0.052603503539156306,2.55,28.0,50.182469862427524,0.0,7713,1036,2.4858867000002647,
4,boundary_time_scale,16.0,oat,161,49.99875609756098,1.0,1.0,0.04998414634146341,16.0,120.0,120.0,dry,54.26113714124097,0.15,0.05251670820073957,2.55,28.0,50.19263066721699,0.0,6211,842,2.0679132000077516,
4,boundary_time_scale,32.0,oat,161,49.99875609756098,1.0,1.0,0.04998414634146341,32.0,120.0,120.0,dry,58.92553859624161,0.14999999999999997,0.051185820229590256,2.55,28.0,49.829552444508195,2.7755575615628914e-17,4384,543,1.2668789000017568,
4,boundary_time_scale,64.0,oat,161,49.99875609756098,1.0,1.0,0.04998414634146341,64.0,120.0,120.0,dry,67.40947166755338,0.15,0.04436328609979993,2.55,28.0,47.838638701146785,0.0,4404,552,1.0277773999987403,
4,adverse,0.0,stress,161,49.99875609756098,1.0,1.0,0.04998414634146341,1.0,120.0,120.0,dry,51.10272094077694,0.15,0.05260350340659739,2.5500000000000003,28.0,50.049857853342466,0.0,5698,746,1.459540099996957,
4,adverse,0.1,stress,161,47.99875609756098,1.05,0.95,0.05498256097560976,1.1,120.0,120.0,dry,62.48738699386194,0.15,0.05717098492504562,2.55,28.0,50.054713769054324,0.0,6474,889,1.6685422999871662,
4,adverse,0.2,stress,161,45.99875609756098,1.1,0.9,0.05998097560975609,1.2,120.0,120.0,dry,76.65510088464417,0.15,0.061800627331763905,2.5500000000000003,28.0,50.0578343395451,0.0,7490,1024,1.8732985999959055,
4,adverse,0.30000000000000004,stress,161,43.99875609756098,1.15,0.85,0.06497939024390244,1.3,120.0,120.0,dry,94.39556671693317,0.15,0.06648209060321063,2.5500000000000003,28.0,50.060620928838716,0.0,8675,1200,2.179942900009337,
4,adverse,0.4,stress,161,41.99875609756098,1.2,0.8,0.06997780487804878,1.4,120.0,120.0,dry,116.74151385703904,0.15,0.07120979563467884,2.5500000000000003,28.0,50.06306193094306,0.0,10132,1406,2.415603600005852,
4,adverse,0.5,stress,161,39.99875609756098,1.25,0.75,0.07497621951219512,1.5,120.0,120.0,deadline_exceeded,,0.16817736397732436,0.07648911359631945,2.5500000000000003,28.0,50.06540934672478,,10143,1417,2.4040508000034606,
4,adverse,0.6000000000000001,stress,161,37.99875609756098,1.3,0.7,0.07997463414634147,1.6,120.0,120.0,deadline_exceeded,,0.19480843776509793,0.08197726344258767,2.5500000000000003,28.0,50.06743709509555,,10083,1278,2.686589599994477,
4,adverse,0.7000000000000001,stress,161,35.99875609756098,1.35,0.6499999999999999,0.08497304878048781,1.7000000000000002,120.0,120.0,deadline_exceeded,,0.23017269790827777,0.08766175655715112,2.5500000000000003,28.0,50.069127868305216,,10173,1328,2.3662183999986155,
4,adverse,0.8,stress,161,33.99875609756098,1.4,0.6,0.08997146341463415,1.8,120.0,120.0,deadline_exceeded,,0.27818986213827007,0.09361758249752189,2.5500000000000003,28.0,50.070588822767654,,10236,1399,2.371436100002029,
4,adverse,0.9,stress,161,31.998756097560978,1.45,0.55,0.09496987804878049,1.9,120.0,120.0,deadline_exceeded,,0.3445645643394031,0.09992839823575907,2.5500000000000003,28.0,50.071986524984005,,10112,1322,2.4958927999978187,
4,adverse,1.0,stress,161,29.998756097560978,1.5,0.5,0.09996829268292683,2.0,120.0,120.0,deadline_exceeded,,0.4372028808783761,0.10665852371393704,2.5500000000000003,28.0,50.072935328408064,,10200,1289,2.2450068999896757,
4,adverse,1.1,stress,161,27.998756097560978,1.55,0.44999999999999996,0.10496670731707317,2.1,120.0,120.0,deadline_exceeded,,0.566129344194863,0.11379708737077966,2.5500000000000003,27.99875607638193,50.07401972352721,,10295,1318,2.338736899997457,
4,adverse,1.2000000000000002,stress,161,25.998756097560975,1.6,0.3999999999999999,0.10996512195121952,2.2,120.0,120.0,deadline_exceeded,,0.7423096580502496,0.12118694603578506,2.5500000000000003,25.99875606134412,50.0753620291832,,10400,1358,2.6818170999904396,
4,adverse,1.3,stress,161,23.998756097560978,1.65,0.35,0.11496353658536584,2.3,120.0,120.0,deadline_exceeded,,0.9749836740572316,0.1284871156444357,2.5500000000000003,23.998756079418943,50.076323398632184,,10196,1350,2.6961134000011953,
4,adverse,1.4000000000000001,stress,161,21.998756097560975,1.7000000000000002,0.29999999999999993,0.11996195121951221,2.4000000000000004,120.0,120.0,deadline_exceeded,,1.2676260051024764,0.13523238996807324,2.5500000000000003,21.99875607982735,50.07739109650059,,10270,1350,2.541918100003386,
4,adverse,1.5,stress,161,19.998756097560978,1.75,0.25,0.12496036585365854,2.5,120.0,120.0,deadline_exceeded,,1.6124881301398533,0.14100941498146008,2.5500000000000003,19.99875608357504,50.07872154062772,,10317,1363,2.3584413999924436,
4,adverse,1.6,stress,161,17.998756097560978,1.8,0.19999999999999996,0.12995878048780488,2.6,120.0,120.0,deadline_exceeded,,1.981584066770126,0.14565496474045017,2.5500000000000003,17.998756083226795,50.08120312645514,,10175,1341,2.3454109000012977,
4,adverse,1.7000000000000002,stress,161,15.998756097560978,1.85,0.1499999999999999,0.13495719512195123,2.7,120.0,120.0,deadline_exceeded,,2.3127841186776896,0.14927905092743401,2.5500000000000003,15.998756086278764,50.08040045527005,,10308,1426,2.5722670999966795,
4,adverse,1.8,stress,161,13.998756097560978,1.9,0.09999999999999998,0.13995560975609755,2.8,120.0,120.0,deadline_exceeded,,2.51114714952303,0.15201850913365297,2.55,13.998756094069421,50.08030492680432,,10177,1423,2.6145843000122113,
4,baseline,0.0,joint,161,10.0,0.5,1.0,0.04998414634146341,1.0,120.0,120.0,dry,59.92052183812498,0.15,0.05095804753878896,2.55,9.999999999999998,50.092274657128726,0.0,6930,949,1.6216690000001108,
4,baseline,0.0,joint,161,10.0,0.75,1.0,0.04998414634146341,1.0,120.0,120.0,deadline_exceeded,,0.16152184729204389,0.05082319435148459,2.5500000000000003,9.999999999795902,50.063475043843845,,10935,1503,2.411910499999067,
4,baseline,0.0,joint,161,10.0,1.0,1.0,0.04998414634146341,1.0,120.0,120.0,deadline_exceeded,,0.2423249561897573,0.05210691331294766,2.5500000000000003,9.999999995979918,50.049857853342466,,10111,1259,2.6791490000032354,
4,baseline,0.0,joint,161,10.0,1.25,1.0,0.04998414634146341,1.0,120.0,120.0,deadline_exceeded,,0.3631667540458124,0.054490282044929776,2.5500000000000003,9.999999999983737,50.01127180109025,,9989,1265,2.1654169999965234,
4,baseline,0.0,joint,161,10.0,1.5,1.0,0.04998414634146341,1.0,120.0,120.0,deadline_exceeded,,0.5303936863890845,0.058049539938708816,2.5500000000000003,9.999999990848064,49.907663679971776,,9909,1258,2.42466209999111,
4,baseline,0.0,joint,161,10.0,1.75,1.0,0.04998414634146341,1.0,120.0,120.0,deadline_exceeded,,0.738348594313093,0.062366533963450106,2.5500000000000003,9.999999992376049,49.72407670796891,,9781,1251,2.0873950000095647,
4,baseline,0.0,joint,161,10.0,2.0,1.0,0.04998414634146341,1.0,120.0,120.0,deadline_exceeded,,0.9715751895101513,0.06678940350742092,2.5500000000000003,9.999999991588064,49.477276687996174,,9758,1266,2.1124762000108603,
4,baseline,0.0,joint,161,10.0,2.25,1.0,0.04998414634146341,1.0,120.0,120.0,deadline_exceeded,,1.2120914910803262,0.07080263834337429,2.5500000000000003,9.999999998287974,49.18909128730646,,9674,1245,2.1779936000093585,
4,baseline,0.0,joint,161,10.0,2.5,1.0,0.04998414634146341,1.0,120.0,120.0,deadline_exceeded,,1.4447477405624496,0.07417039723580138,2.5500000000000003,9.999999991338361,48.890057154553816,,9698,1239,2.154048700002022,
4,baseline,0.0,joint,161,10.0,2.75,1.0,0.04998414634146341,1.0,120.0,120.0,deadline_exceeded,,1.6589238504036756,0.07688094890219212,2.5500000000000003,9.999999974197252,48.59538921511034,,9741,1315,2.270562700010487,
4,baseline,0.0,joint,161,10.0,3.0,1.0,0.04998414634146341,1.0,120.0,120.0,deadline_exceeded,,1.8482597699370622,0.07903433251327598,2.5500000000000003,9.999999993106858,48.32052319575294,,9559,1238,2.384737300002598,
4,baseline,0.0,joint,161,20.0,0.5,1.0,0.04998414634146341,1.0,120.0,120.0,dry,39.89856818018392,0.15,0.0515315885149031,2.55,19.999999999999996,50.092274657128726,0.0,5669,771,1.4261184000060894,
4,baseline,0.0,joint,161,20.0,0.75,1.0,0.04998414634146341,1.0,120.0,120.0,dry,88.15665771452869,0.15,0.05101744251378171,2.5500000000000003,19.999999999999996,50.063475043843845,0.0,8315,1160,2.2201365000073565,
4,baseline,0.0,joint,161,20.0,1.0,1.0,0.04998414634146341,1.0,120.0,120.0,deadline_exceeded,,0.1759022295659203,0.051308479935217796,2.5500000000000003,19.999999998657373,50.049857853342466,,10061,1415,2.3368187000014586,
4,baseline,0.0,joint,161,20.0,1.25,1.0,0.04998414634146341,1.0,120.0,120.0,deadline_exceeded,,0.24397563414832962,0.05273382938438667,2.5500000000000003,19.999999997827793,50.01127180109025,,9944,1308,2.6257932000007713,
4,baseline,0.0,joint,161,20.0,1.5,1.0,0.04998414634146341,1.0,120.0,120.0,deadline_exceeded,,0.3382188451958822,0.05508229278163997,2.5500000000000003,19.999999999935387,49.907663679971776,,9851,1227,2.3437205999944126,
4,baseline,0.0,joint,161,20.0,1.75,1.0,0.04998414634146341,1.0,120.0,120.0,deadline_exceeded,,0.4625190995101116,0.05843835586589247,2.5500000000000003,19.99999999980925,49.72407670796891,,9816,1237,2.226114699995378,
4,baseline,0.0,joint,161,20.0,2.0,1.0,0.04998414634146341,1.0,120.0,120.0,deadline_exceeded,,0.6157340516168752,0.0626031714759332,2.5500000000000003,19.999999994472628,49.477276687996174,,9801,1245,2.137689800001681,
4,baseline,0.0,joint,161,20.0,2.25,1.0,0.04998414634146341,1.0,120.0,120.0,deadline_exceeded,,0.7916360099835924,0.06716795576032901,2.5500000000000003,19.99999999481865,49.189091419132524,,9732,1247,2.3273897000035504,
4,baseline,0.0,joint,161,20.0,2.5,1.0,0.04998414634146341,1.0,120.0,120.0,deadline_exceeded,,0.9811177076340789,0.07169624775297581,2.5500000000000003,19.999999993122792,48.89004743703988,,9612,1245,2.413438799994765,
4,baseline,0.0,joint,161,20.0,2.75,1.0,0.04998414634146341,1.0,120.0,120.0,deadline_exceeded,,1.1747964827598487,0.07586537469046027,2.5500000000000003,19.999999998741117,48.595386329222364,,9617,1240,2.236239399993792,
4,baseline,0.0,joint,161,20.0,3.0,1.0,0.04998414634146341,1.0,120.0,120.0,deadline_exceeded,,1.3646393575919624,0.07950959907766166,2.5500000000000003,19.999999999451283,48.32052506838934,,9565,1240,2.3802095999999437,
4,baseline,0.0,joint,161,30.0,0.5,1.0,0.04998414634146341,1.0,120.0,120.0,dry,27.993367657548415,0.15,0.05236712383586998,2.55,28.0,50.092274657128726,0.0,4925,644,1.321000500000082,
4,baseline,0.0,joint,161,30.0,0.75,1.0,0.04998414634146341,1.0,120.0,120.0,dry,59.45704785143995,0.15,0.05157647996413898,2.5500000000000003,28.0,50.063475043843845,0.0,6580,888,1.680175399989821,
4,baseline,0.0,joint,161,30.0,1.0,1.0,0.04998414634146341,1.0,120.0,120.0,dry,103.35726836724233,0.15,0.05117933977109584,2.5500000000000003,28.0,50.049857853342466,0.0,9331,1279,2.1390957000112394,
4,baseline,0.0,joint,161,30.0,1.25,1.0,0.04998414634146341,1.0,120.0,120.0,deadline_exceeded,,0.17942391926488377,0.051724480875155084,2.5500000000000003,28.0,50.01127180109025,,9887,1320,2.272287799991318,
4,baseline,0.0,joint,161,30.0,1.5,1.0,0.04998414634146341,1.0,120.0,120.0,deadline_exceeded,,0.23412082212491114,0.05314742638320475,2.5500000000000003,28.0,49.907663679971776,,9826,1284,2.1784288000053493,
4,baseline,0.0,joint,161,30.0,1.75,1.0,0.04998414634146341,1.0,120.0,120.0,deadline_exceeded,,0.30570128114565154,0.05531864509642048,2.5500000000000003,28.0,49.72407670796891,,9700,1215,2.484631899991655,
4,baseline,0.0,joint,161,30.0,2.0,1.0,0.04998414634146341,1.0,120.0,120.0,deadline_exceeded,,0.396779059431739,0.05833611325846943,2.5500000000000003,28.0,49.477276687996174,,9709,1218,2.225873999996111,
4,baseline,0.0,joint,161,30.0,2.25,1.0,0.04998414634146341,1.0,120.0,120.0,deadline_exceeded,,0.5079557525566794,0.06214526132994366,2.5500000000000003,28.0,49.189085301501116,,9700,1224,2.085352399997646,
4,baseline,0.0,joint,161,30.0,2.5,1.0,0.04998414634146341,1.0,120.0,120.0,deadline_exceeded,,0.6373859101223598,0.06653710066159937,2.5500000000000003,28.0,48.890051904224826,,9604,1229,2.0252772999956505,
4,baseline,0.0,joint,161,30.0,2.75,1.0,0.04998414634146341,1.0,120.0,120.0,deadline_exceeded,,0.7811765875636958,0.07121424065034541,2.5500000000000003,28.0,48.59539099357072,,9653,1239,2.3960753999999724,
4,baseline,0.0,joint,161,30.0,3.0,1.0,0.04998414634146341,1.0,120.0,120.0,deadline_exceeded,,0.9343342881077453,0.07587872264989219,2.5500000000000003,28.0,48.32052337244499,,9602,1239,2.3654761999932816,
4,baseline,0.0,joint,161,40.0,0.5,1.0,0.04998414634146341,1.0,120.0,120.0,dry,20.674171153095877,0.15000000000000002,0.053540853984271254,2.55,28.0,50.092274657128726,2.7755575615628914e-17,4457,579,1.0719450000033248,
4,baseline,0.0,joint,161,40.0,0.75,1.0,0.04998414634146341,1.0,120.0,120.0,dry,41.85317051401575,0.15,0.05237134143002692,2.5500000000000003,28.0,50.063475043843845,0.0,5482,723,1.3830368000053568,
4,baseline,0.0,joint,161,40.0,1.0,1.0,0.04998414634146341,1.0,120.0,120.0,dry,71.29017448595036,0.15,0.051777248412578046,2.5500000000000003,28.0,50.049857853342466,0.0,7061,971,1.4973211000033189,
4,baseline,0.0,joint,161,40.0,1.25,1.0,0.04998414634146341,1.0,120.0,120.0,dry,108.99336301674698,0.15,0.05141854613300846,2.5500000000000003,28.0,50.01127180109025,0.0,9205,1270,2.276437699998496,
4,baseline,0.0,joint,161,40.0,1.5,1.0,0.04998414634146341,1.0,120.0,120.0,deadline_exceeded,,0.17618759403991965,0.05203746186690324,2.5500000000000003,28.0,49.907663679971776,,9818,1317,2.2473910999979125,
4,baseline,0.0,joint,161,40.0,1.75,1.0,0.04998414634146341,1.0,120.0,120.0,deadline_exceeded,,0.21924556031121686,0.053376219826477334,2.5500000000000003,28.0,49.72407670796891,,9679,1212,2.6177453999989666,
4,baseline,0.0,joint,161,40.0,2.0,1.0,0.04998414634146341,1.0,120.0,120.0,deadline_exceeded,,0.27320159134381106,0.055309231078818834,2.5500000000000003,28.0,49.477276687996174,,9670,1198,1.8168165999959456,
4,baseline,0.0,joint,161,40.0,2.25,1.0,0.04998414634146341,1.0,120.0,120.0,deadline_exceeded,,0.3398024686221491,0.057933416481900715,2.5500000000000003,28.0,49.18909148932601,,9768,1198,2.074910199997248,
4,baseline,0.0,joint,161,40.0,2.5,1.0,0.04998414634146341,1.0,120.0,120.0,deadline_exceeded,,0.42004104158523564,0.061270787043770564,2.5500000000000003,28.0,48.89003759404791,,9600,1216,2.1181151999917347,
4,baseline,0.0,joint,161,40.0,2.75,1.0,0.04998414634146341,1.0,120.0,120.0,deadline_exceeded,,0.5138392789755616,0.06524827024802943,2.5500000000000003,28.0,48.59536375629312,,9634,1229,2.113000999990618,
4,baseline,0.0,joint,161,40.0,3.0,1.0,0.04998414634146341,1.0,120.0,120.0,deadline_exceeded,,0.6199747622093167,0.06970812708346229,2.5500000000000003,28.0,48.32050245652423,,9557,1235,2.2823720000014873,
4,baseline,0.0,joint,161,50.0,0.5,1.0,0.04998414634146341,1.0,120.0,120.0,dry,16.021098352062175,0.15,0.0551405548040965,2.55,28.0,50.092274657128726,0.0,3990,529,1.0609874999936437,
4,baseline,0.0,joint,161,50.0,0.75,1.0,0.04998414634146341,1.0,120.0,120.0,dry,30.804613761371048,0.15000000000000002,0.05347523524613563,2.5500000000000003,28.0,50.063475043843845,2.7755575615628914e-17,4651,622,1.2408091999968747,
4,baseline,0.0,joint,161,50.0,1.0,1.0,0.04998414634146341,1.0,120.0,120.0,dry,51.1007267590761,0.15,0.05260362367060988,2.5500000000000003,28.0,50.049857853342466,0.0,5685,762,1.551668800006155,
4,baseline,0.0,joint,161,50.0,1.25,1.0,0.04998414634146341,1.0,120.0,120.0,dry,77.02902928092104,0.15,0.052082876102836816,2.5500000000000003,28.0,50.01127180109025,0.0,7107,952,1.7104058999975678,
4,baseline,0.0,joint,161,50.0,1.5,1.0,0.04998414634146341,1.0,120.0,120.0,dry,108.60085544632899,0.15,0.05173295016331355,2.5500000000000003,28.0,50.00000000389975,0.0,9038,1258,2.116941600004793,
4,baseline,0.0,joint,161,50.0,1.75,1.0,0.04998414634146341,1.0,120.0,120.0,deadline_exceeded,,0.1694518417095368,0.05225390391185392,2.5500000000000003,28.0,50.00000021842495,,9543,1299,1.9370173000061186,
4,baseline,0.0,joint,161,50.0,2.0,1.0,0.04998414634146341,1.0,120.0,120.0,deadline_exceeded,,0.2031938816237387,0.053473143130794744,2.5500000000000003,28.0,50.00000021600926,,9539,1214,2.1932431000022916,
4,baseline,0.0,joint,161,50.0,2.25,1.0,0.04998414634146341,1.0,120.0,120.0,deadline_exceeded,,0.24402695551775325,0.05515881875964697,2.5500000000000003,28.0,50.000000057252244,,9453,1203,2.263130999999703,
4,baseline,0.0,joint,161,50.0,2.5,1.0,0.04998414634146341,1.0,120.0,120.0,deadline_exceeded,,0.2930900333727741,0.05739582665825978,2.5500000000000003,28.0,50.00000009973812,,9369,1186,2.3666186000045855,
4,baseline,0.0,joint,161,50.0,2.75,1.0,0.04998414634146341,1.0,120.0,120.0,deadline_exceeded,,0.35126280196571386,0.060236234735154465,2.5500000000000003,28.0,50.00000000000001,,9426,1184,2.0708955000009155,
4,baseline,0.0,joint,161,50.0,3.0,1.0,0.04998414634146341,1.0,120.0,120.0,deadline_exceeded,,0.4189979647420071,0.06368180292306198,2.5500000000000003,28.0,50.00000000000001,,9391,1203,2.218461099997512,
4,baseline,0.0,joint,161,60.0,0.5,1.0,0.04998414634146341,1.0,120.0,120.0,dry,12.978287629762136,0.14999999999999997,0.05725917149861733,2.55,28.0,60.00000000000002,2.7755575615628914e-17,3972,521,1.1764458999969065,
4,baseline,0.0,joint,161,60.0,0.75,1.0,0.04998414634146341,1.0,120.0,120.0,dry,23.70631098029333,0.15,0.054966190572422906,2.5500000000000003,28.0,60.00000000000001,0.0,4413,586,1.2274035000009462,
4,baseline,0.0,joint,161,60.0,1.0,1.0,0.04998414634146341,1.0,120.0,120.0,dry,38.11046747722223,0.15,0.05373183413105237,2.5500000000000003,28.0,60.000000000000014,0.0,5074,647,1.5087458999914816,
4,baseline,0.0,joint,161,60.0,1.25,1.0,0.04998414634146341,1.0,120.0,120.0,dry,56.427470406543804,0.15,0.05298111892265629,2.5500000000000003,28.0,60.00000000179379,0.0,6016,768,1.4541752000077395,
4,baseline,0.0,joint,161,60.0,1.5,1.0,0.04998414634146341,1.0,120.0,120.0,dry,78.65447818979862,0.15,0.052485293706906445,2.5500000000000003,28.0,60.000000134556764,0.0,7308,982,1.6078145000064978,
4,baseline,0.0,joint,161,60.0,1.75,1.0,0.04998414634146341,1.0,120.0,120.0,dry,104.82516738739615,0.15,0.052127752492614796,2.5500000000000003,28.0,60.0000002509835,0.0,8773,1181,2.1539617000089493,
4,baseline,0.0,joint,161,60.0,2.0,1.0,0.04998414634146341,1.0,120.0,120.0,deadline_exceeded,,0.1613142913089088,0.052395512946807166,2.5500000000000003,28.0,60.00000000000001,,9698,1244,2.1655481999914628,
4,baseline,0.0,joint,161,60.0,2.25,1.0,0.04998414634146341,1.0,120.0,120.0,deadline_exceeded,,0.1878853430896954,0.05348820131088168,2.5500000000000003,28.0,60.00000000000001,,9622,1237,2.2102192000020295,
4,baseline,0.0,joint,161,60.0,2.5,1.0,0.04998414634146341,1.0,120.0,120.0,deadline_exceeded,,0.2191326880337503,0.05494556317159493,2.5500000000000003,28.0,60.00000000000001,,9539,1199,2.021257100001094,
4,baseline,0.0,joint,161,60.0,2.75,1.0,0.04998414634146341,1.0,120.0,120.0,deadline_exceeded,,0.25578713263135744,0.05683654820687549,2.5500000000000003,28.0,60.00000000000001,,9571,1225,2.4495765999890864,
4,baseline,0.0,joint,161,60.0,3.0,1.0,0.04998414634146341,1.0,120.0,120.0,deadline_exceeded,,0.29850158507836916,0.059217875685554665,2.5500000000000003,28.0,60.00000000000001,,9516,1203,2.1922229999909177,
4,baseline,0.0,joint,161,70.0,0.5,1.0,0.04998414634146341,1.0,120.0,120.0,dry,10.94740270216876,0.15,0.06005297767286401,2.55,28.0,70.00000000000001,0.0,3886,510,0.9781282000039937,
4,baseline,0.0,joint,161,70.0,0.75,1.0,0.04998414634146341,1.0,120.0,120.0,dry,19.042113771578034,0.15,0.056933519804637546,2.5500000000000003,28.0,70.00000000000003,0.0,4117,550,1.1543525000015507,
4,baseline,0.0,joint,161,70.0,1.0,1.0,0.04998414634146341,1.0,120.0,120.0,dry,29.599960248512723,0.14999999999999997,0.055233983564739304,2.5500000000000003,28.0,70.00000000000001,2.7755575615628914e-17,4579,596,1.1118035999970743,
4,baseline,0.0,joint,161,70.0,1.25,1.0,0.04998414634146341,1.0,120.0,120.0,dry,42.8679169972904,0.15,0.05418410118203695,2.5500000000000003,28.0,70.00000000000001,0.0,5249,695,1.4179296999936923,
4,baseline,0.0,joint,161,70.0,1.5,1.0,0.04998414634146341,1.0,120.0,120.0,dry,58.93335958860958,0.15,0.0534854154431732,2.5500000000000003,28.0,70.00000000001573,0.0,6194,817,1.2900614999962272,
4,baseline,0.0,joint,161,70.0,1.75,1.0,0.04998414634146341,1.0,120.0,120.0,dry,77.77295528800121,0.15,0.052987025136583744,2.5500000000000003,28.0,70.00000000000001,0.0,7158,927,1.8357434000063222,
4,baseline,0.0,joint,161,70.0,2.0,1.0,0.04998414634146341,1.0,120.0,120.0,dry,99.42185894773897,0.15,0.05261126360239665,2.5500000000000003,28.0,70.00000000000001,0.0,8496,1139,1.766405099988333,
4,baseline,0.0,joint,161,70.0,2.25,1.0,0.04998414634146341,1.0,120.0,120.0,deadline_exceeded,,0.15296532237237676,0.052485453853275105,2.5500000000000003,28.0,70.00000000533969,,9641,1254,1.9191684999968857,
4,baseline,0.0,joint,161,70.0,2.5,1.0,0.04998414634146341,1.0,120.0,120.0,deadline_exceeded,,0.1741062772355766,0.05345935738042795,2.5500000000000003,28.0,70.00000000000001,,9606,1246,2.2850217999948654,
4,baseline,0.0,joint,161,70.0,2.75,1.0,0.04998414634146341,1.0,120.0,120.0,deadline_exceeded,,0.19838580240982576,0.054719252985354426,2.5500000000000003,28.0,70.00000000000001,,9594,1214,2.440588600002229,
4,baseline,0.0,joint,161,70.0,3.0,1.0,0.04998414634146341,1.0,120.0,120.0,deadline_exceeded,,0.22627123466404253,0.056318822131518544,2.5500000000000003,28.0,70.00000000000001,,9556,1227,2.2392294999881415,
4,baseline,0.0,joint,161,80.0,0.5,1.0,0.04998414634146341,1.0,120.0,120.0,dry,9.574600817604512,0.15,0.0637314545504719,2.55,28.0,80.00000000000001,0.0,3828,502,0.9903978999936953,
4,baseline,0.0,joint,161,80.0,0.75,1.0,0.04998414634146341,1.0,120.0,120.0,dry,15.917365099880694,0.15,0.05949691530710527,2.5500000000000003,28.0,80.00000000000001,0.0,3972,525,1.1639481999882264,
4,baseline,0.0,joint,161,80.0,1.0,1.0,0.04998414634146341,1.0,120.0,120.0,dry,23.92388796050704,0.15,0.057194467781041036,2.5500000000000003,28.0,80.00000000000001,0.0,4239,561,1.1168123000097694,
4,baseline,0.0,joint,161,80.0,1.25,1.0,0.04998414634146341,1.0,120.0,120.0,dry,33.8144109057769,0.15,0.05575805260874164,2.5500000000000003,28.0,80.00000000000003,0.0,4731,625,1.4960811999917496,
4,baseline,0.0,joint,161,80.0,1.5,1.0,0.04998414634146341,1.0,120.0,120.0,dry,45.6947638328839,0.15,0.05479528786365045,2.5500000000000003,28.0,80.00000000000001,0.0,5379,694,1.2458157999935793,
4,baseline,0.0,joint,161,80.0,1.75,1.0,0.04998414634146341,1.0,120.0,120.0,dry,59.60568664261393,0.15,0.0541091612592606,2.5500000000000003,28.0,80.00000000000001,0.0,6084,810,1.5445201999973506,
4,baseline,0.0,joint,161,80.0,2.0,1.0,0.04998414634146341,1.0,120.0,120.0,dry,75.52463457900707,0.15,0.05359539562262571,2.5500000000000003,28.0,80.00000000000001,0.0,7063,909,1.577587100007804,
4,baseline,0.0,joint,161,80.0,2.25,1.0,0.04998414634146341,1.0,120.0,120.0,dry,93.47912288649918,0.15,0.053193460587260544,2.5500000000000003,28.0,80.00000000000003,0.0,8075,1011,1.9179704999987734,
4,baseline,0.0,joint,161,80.0,2.5,1.0,0.04998414634146341,1.0,120.0,120.0,dry,113.48711680343148,0.15,0.052872101100454934,2.5500000000000003,28.0,80.00000000000001,0.0,9184,1207,2.0584656999999424,
4,baseline,0.0,joint,161,80.0,2.75,1.0,0.04998414634146341,1.0,120.0,120.0,deadline_exceeded,,0.16205541983649752,0.05341219242643459,2.5500000000000003,28.0,80.00000000000001,,9597,1262,2.344003199992585,
4,baseline,0.0,joint,161,80.0,3.0,1.0,0.04998414634146341,1.0,120.0,120.0,deadline_exceeded,,0.18125009821142488,0.054507675593331674,2.5500000000000003,28.0,80.00000000000001,,9564,1264,2.0845038999977987,
4,baseline,0.0,joint,161,90.0,0.5,1.0,0.04998414634146341,1.0,120.0,120.0,dry,8.638696132370894,0.15,0.0685862504688598,2.55,28.0,90.00000000000001,0.0,3784,496,1.220380999991903,
4,baseline,0.0,joint,161,90.0,0.75,1.0,0.04998414634146341,1.0,120.0,120.0,dry,13.789551376631811,0.15,0.06278986275912593,2.5500000000000003,28.0,90.00000000000001,0.0,3837,509,1.2459436000062851,
4,baseline,0.0,joint,161,90.0,1.0,1.0,0.04998414634146341,1.0,120.0,120.0,dry,20.07444957524156,0.14999999999999997,0.05971495809905025,2.5500000000000003,28.0,90.00000000000001,2.7755575615628914e-17,4044,526,1.2004542000067886,
4,baseline,0.0,joint,161,90.0,1.25,1.0,0.04998414634146341,1.0,120.0,120.0,dry,27.672659625091264,0.15,0.057793994186376006,2.5500000000000003,28.0,90.00000000000001,0.0,4365,569,1.0672385999932885,
4,baseline,0.0,joint,161,90.0,1.5,1.0,0.04998414634146341,1.0,120.0,120.0,dry,36.69654836351666,0.15,0.056491379003480884,2.5500000000000003,28.0,90.00000000000001,0.0,4879,628,1.2924937999923714,
4,baseline,0.0,joint,161,90.0,1.75,1.0,0.04998414634146341,1.0,120.0,120.0,dry,47.194174582961814,0.15,0.055555892800798166,2.5500000000000003,28.0,90.00000000000003,0.0,5408,679,1.117747900003451,
4,baseline,0.0,joint,161,90.0,2.0,1.0,0.04998414634146341,1.0,120.0,120.0,dry,59.189130540830824,0.14999999999999997,0.05486013604464385,2.5500000000000003,28.0,90.00000000000003,2.7755575615628914e-17,6083,773,1.3089397000003373,
4,baseline,0.0,joint,161,90.0,2.25,1.0,0.04998414634146341,1.0,120.0,120.0,dry,72.66261868827583,0.14999999999999997,0.054320146084986434,2.5500000000000003,28.0,90.00000000000003,2.7755575615628914e-17,6858,878,1.8875518999993801,
4,baseline,0.0,joint,161,90.0,2.5,1.0,0.04998414634146341,1.0,120.0,120.0,dry,87.63375506392916,0.15000000000000002,0.053885390950331305,2.5500000000000003,28.0,90.00000000000003,2.7755575615628914e-17,7635,964,1.8239478999894345,
4,baseline,0.0,joint,161,90.0,2.75,1.0,0.04998414634146341,1.0,120.0,120.0,dry,104.12047607377167,0.15,0.05352996767724364,2.5500000000000003,28.0,90.00000000000001,0.0,8663,1098,2.183839099991019,
4,baseline,0.0,joint,161,90.0,3.0,1.0,0.04998414634146341,1.0,120.0,120.0,deadline_exceeded,,0.15165997094043907,0.05336257561122115,2.5500000000000003,28.0,90.00000000000001,,9566,1237,1.874068899996928,
4,temperature_c,-273.15,guard,161,-273.15,1.0,1.0,0.04998414634146341,1.0,120.0,120.0,invalid_input,,,,,,,,,,0.0,nonpositive_absolute_temperature
4,radius_scale,0.0,guard,161,49.99875609756098,0.0,1.0,0.04998414634146341,1.0,120.0,120.0,invalid_input,,,,,,,,,,0.0,nonpositive_radius_scale
4,diffusivity_scale,0.0,guard,161,49.99875609756098,1.0,0.0,0.04998414634146341,1.0,120.0,120.0,invalid_input,,,,,,,,,,0.0,nonpositive_diffusivity_scale
4,moisture,-0.01,guard,161,49.99875609756098,1.0,1.0,-0.01,1.0,120.0,120.0,invalid_input,,,,,,,,,,0.0,negative_environment_moisture
4,boundary_time_scale,0.0,guard,161,49.99875609756098,1.0,1.0,0.04998414634146341,0.0,120.0,120.0,invalid_input,,,,,,,,,,0.0,nonpositive_boundary_time_scale
3,baseline,0.0,baseline_check,321,49.99875609756098,1.0,1.0,0.04998414634146341,1.0,120.0,60.0,dry,57.49549929022373,0.15,0.052643068974998694,2.55,28.0,50.0393157832045,0.0,9068,1203,2.1651314000046114,
3,baseline,0.0,baseline_check,321,49.99875609756098,1.0,1.0,0.04998414634146341,1.0,120.0,30.0,dry,57.49549733485249,0.15,0.05264306897549303,2.55,28.0,50.0393351816364,0.0,15577,2108,3.312269300004118,
3,baseline,0.0,baseline_check,641,49.99875609756098,1.0,1.0,0.04998414634146341,1.0,120.0,60.0,dry,57.48070710905502,0.15,0.05264350272076428,2.55,28.0,50.03968634851428,0.0,8935,1201,2.8991917000093963,
4,baseline,0.0,baseline_check,321,49.99875609756098,1.0,1.0,0.04998414634146341,1.0,120.0,60.0,dry,51.09516234615482,0.15,0.052603974837808855,2.55,28.0,50.050199285441344,0.0,8341,1147,1.9802066999982344,
4,baseline,0.0,baseline_check,321,49.99875609756098,1.0,1.0,0.04998414634146341,1.0,120.0,30.0,dry,51.09517974452266,0.15,0.05260397453618137,2.55,28.0,50.049832798533174,0.0,14457,2076,2.947188799997093,
4,baseline,0.0,baseline_check,641,49.99875609756098,1.0,1.0,0.04998414634146341,1.0,120.0,60.0,dry,51.092978996406494,0.15,0.05260407044800292,2.55,28.0,50.04990527710831,0.0,8382,1186,2.8848674000037136,
3,temperature_c,25.0,threshold,321,25.0,1.0,1.0,0.04998414634146341,1.0,120.0,60.0,deadline_exceeded,,0.16092895733593338,0.051326170829199734,2.55,24.999999999999996,50.0393157832045,,16825,2415,3.9229006999958074,
3,temperature_c,30.0,threshold,321,30.0,1.0,1.0,0.04998414634146341,1.0,120.0,60.0,dry,117.60803967900094,0.15,0.051195901541408975,2.55,28.0,50.0393157832045,0.0,17179,2274,5.143158899998525,
3,temperature_c,27.5,threshold,321,27.5,1.0,1.0,0.04998414634146341,1.0,120.0,60.0,deadline_exceeded,,0.15462354686260552,0.05123568095049071,2.55,27.499999999999996,50.0393157832045,,17446,2309,4.788472999993246,
3,temperature_c,28.75,threshold,321,28.75,1.0,1.0,0.04998414634146341,1.0,120.0,60.0,deadline_exceeded,,0.15168555638301107,0.051194109440710026,2.55,28.0,50.0393157832045,,16760,2460,4.421522899996489,
3,temperature_c,29.375,threshold,321,29.375,1.0,1.0,0.04998414634146341,1.0,120.0,60.0,deadline_exceeded,,0.15026597802790811,0.05117416056434642,2.55,28.0,50.0393157832045,,17435,2308,5.259697500005132,
3,temperature_c,29.6875,threshold,321,29.6875,1.0,1.0,0.04998414634146341,1.0,120.0,60.0,dry,119.07738571668288,0.15,0.05118012837153025,2.55,28.0,50.0393157832045,0.0,17184,2302,4.395793600007892,
3,temperature_c,29.53125,threshold,321,29.53125,1.0,1.0,0.04998414634146341,1.0,120.0,60.0,dry,119.82057273490672,0.15,0.05117230689255629,2.55,28.0,50.0393157832045,0.0,17465,2314,5.101183300008415,
3,temperature_c,29.453125,threshold,321,29.453125,1.0,1.0,0.04998414634146341,1.0,120.0,60.0,deadline_exceeded,,0.15009080436006492,0.05117170595507291,2.55,28.0,50.0393157832045,,17392,2313,4.719172199998866,
3,temperature_c,29.4921875,threshold,321,29.4921875,1.0,1.0,0.04998414634146341,1.0,120.0,60.0,deadline_exceeded,,0.1500036117633389,0.05117048889300335,2.55,28.0,50.0393157832045,,16766,2471,4.405777699997998,
3,temperature_c,29.51171875,threshold,321,29.51171875,1.0,1.0,0.04998414634146341,1.0,120.0,60.0,dry,119.91406938238897,0.15,0.051171331963576004,2.55,28.0,50.0393157832045,0.0,16796,2405,4.849141300001065,
3,temperature_c,29.501953125,threshold,321,29.501953125,1.0,1.0,0.04998414634146341,1.0,120.0,60.0,dry,119.96057343888795,0.15,0.05117084517441202,2.55,28.0,50.0393157832045,0.0,17318,2306,4.2913057999976445,
3,temperature_c,29.4970703125,threshold,321,29.4970703125,1.0,1.0,0.04998414634146341,1.0,120.0,60.0,dry,119.98391295100745,0.15,0.05117060170245912,2.55,28.0,50.0393157832045,0.0,17447,2307,4.913132000001497,
3,temperature_c,29.4921875,grid_check,641,29.4921875,1.0,1.0,0.04998414634146341,1.0,120.0,60.0,dry,119.94279366620546,0.15,0.05117036470002507,2.55,28.0,50.03968634851428,0.0,17235,2413,7.124618899993948,
3,temperature_c,29.4970703125,grid_check,641,29.4970703125,1.0,1.0,0.04998414634146341,1.0,120.0,60.0,dry,119.9195134151057,0.15,0.05117060815921,2.55,28.0,50.03968634851428,0.0,17215,2419,6.365619899996091,
3,temperature_c,29.3359375,grid_check,641,29.3359375,1.0,1.0,0.04998414634146341,1.0,120.0,60.0,deadline_exceeded,,0.15032349492105865,0.05117430110342123,2.55,28.0,50.03968634851428,,17190,2439,6.883021400004509,
3,temperature_c,29.6533203125,grid_check,641,29.6533203125,1.0,1.0,0.04998414634146341,1.0,120.0,60.0,dry,119.1757593237786,0.15,0.05117842144884027,2.55,28.0,50.03968634851428,0.0,17030,2403,6.766054599997005,
3,temperature_c,29.49462890625,grid_check,641,29.49462890625,1.0,1.0,0.04998414634146341,1.0,120.0,60.0,dry,119.93112539503318,0.15,0.05117048642969972,2.55,28.0,50.03968634851428,0.0,16971,2396,6.751293399996939,
3,temperature_c,29.415283203125,grid_check,641,29.415283203125,1.0,1.0,0.04998414634146341,1.0,120.0,60.0,deadline_exceeded,,0.15014542203602607,0.051171806038477,2.55,28.0,50.03968634851428,,17032,2429,6.986487700007274,
3,temperature_c,29.4549560546875,grid_check,641,29.4549560546875,1.0,1.0,0.04998414634146341,1.0,120.0,60.0,deadline_exceeded,,0.15005646439874568,0.051170557714079426,2.55,28.0,50.03968634851428,,17250,2402,6.6859153999976115,
3,temperature_c,29.47479248046875,grid_check,641,29.47479248046875,1.0,1.0,0.04998414634146341,1.0,120.0,60.0,deadline_exceeded,,0.15001220362552564,0.05116994048668993,2.55,28.0,50.03968634851428,,17120,2430,6.909889800008386,
3,temperature_c,29.484710693359375,grid_check,641,29.484710693359375,1.0,1.0,0.04998414634146341,1.0,120.0,60.0,dry,119.97878731173397,0.15,0.05116999191509471,2.55,28.0,50.03968634851428,0.0,17240,2448,6.878254399998696,
3,temperature_c,29.4921875,threshold,321,29.4921875,1.0,1.0,0.04998414634146341,1.0,240.0,60.0,dry,120.00772899174517,0.15,0.05117035779590258,2.55,28.0,50.0393157832045,0.0,16766,2470,5.033235299997614,
3,radius_scale,1.4142135623730951,threshold,321,49.99875609756098,1.4142135623730951,1.0,0.04998414634146341,1.0,120.0,60.0,dry,111.28941194921705,0.15,0.05186433237113382,2.55,28.0,49.99875609768807,0.0,15351,2103,3.420914199989056,
3,radius_scale,1.6817928305074292,threshold,321,49.99875609756098,1.6817928305074292,1.0,0.04998414634146341,1.0,120.0,60.0,deadline_exceeded,,0.16677526671145834,0.05251167220883852,2.55,28.0,49.998756097560985,,16878,2434,4.812977099994896,
3,radius_scale,1.5480031964402623,threshold,321,49.99875609756098,1.5480031964402623,1.0,0.04998414634146341,1.0,120.0,60.0,deadline_exceeded,,0.15599135502231218,0.05203514468121426,2.55,28.0,49.99875609757912,,16434,2257,5.11942679999629,
3,radius_scale,1.4811083794066788,threshold,321,49.99875609756098,1.4811083794066788,1.0,0.04998414634146341,1.0,120.0,60.0,deadline_exceeded,,0.1508040877671608,0.051823942928745835,2.55,28.0,49.99875609756477,,16471,2273,4.281324099996709,
3,radius_scale,1.447660970889887,threshold,321,49.99875609756098,1.447660970889887,1.0,0.04998414634146341,1.0,120.0,60.0,dry,116.41714759616063,0.15,0.05182089897388221,2.55,28.0,49.99875609768633,0.0,16045,2194,4.141455899996799,
3,radius_scale,1.464384675148283,threshold,321,49.99875609756098,1.464384675148283,1.0,0.04998414634146341,1.0,120.0,60.0,dry,119.02504663181456,0.15,0.05179992636608941,2.55,28.0,49.998756097659275,0.0,16303,2252,4.446647599994321,
3,radius_scale,1.472746527277481,threshold,321,49.99875609756098,1.472746527277481,1.0,0.04998414634146341,1.0,120.0,60.0,deadline_exceeded,,0.15016467267871306,0.051798730850104745,2.55,28.0,49.99875609759987,,16515,2267,4.577273099988815,
3,radius_scale,1.468565601212882,threshold,321,49.99875609756098,1.468565601212882,1.0,0.04998414634146341,1.0,120.0,60.0,dry,119.68161856865916,0.15,0.05179475785344909,2.55,28.0,49.99875609768377,0.0,16316,2246,4.57341599999927,
3,radius_scale,1.4706560642451816,threshold,321,49.99875609756098,1.4706560642451816,1.0,0.04998414634146341,1.0,120.0,60.0,deadline_exceeded,,0.1500051255194555,0.051792468206358765,2.55,28.0,49.998756097832704,,16367,2263,4.69786520001071,
3,radius_scale,1.4696108327290318,threshold,321,49.99875609756098,1.4696108327290318,1.0,0.04998414634146341,1.0,120.0,60.0,dry,119.8460245182152,0.15000000000000002,0.051793470320819726,2.55,28.0,49.998756097796544,2.7755575615628914e-17,16429,2260,4.969841700003599,
3,radius_scale,1.4701334484871067,threshold,321,49.99875609756098,1.4701334484871067,1.0,0.04998414634146341,1.0,120.0,60.0,dry,119.92829669925973,0.14999999999999997,0.05179282724130912,2.55,28.0,49.99875609778917,2.7755575615628914e-17,16350,2248,4.238867899999605,
3,radius_scale,1.4703947563661441,threshold,321,49.99875609756098,1.4703947563661441,1.0,0.04998414634146341,1.0,120.0,60.0,dry,119.96943752522377,0.15,0.05179250587297459,2.55,28.0,49.99875609765312,0.0,16460,2279,4.238495700003114,
3,radius_scale,1.4703947563661441,grid_check,641,49.99875609756098,1.4703947563661441,1.0,0.04998414634146341,1.0,120.0,60.0,dry,119.92421053300575,0.15,0.051792650804551296,2.55,28.0,49.99875609763377,0.0,16550,2507,6.530413500004215,
3,radius_scale,1.4706560642451816,grid_check,641,49.99875609756098,1.4706560642451816,1.0,0.04998414634146341,1.0,120.0,60.0,dry,119.9653343630986,0.15,0.05179232942689511,2.55,28.0,49.998756097669535,0.0,16483,2492,6.826540699999896,
3,radius_scale,1.462032904236946,grid_check,641,49.99875609756098,1.462032904236946,1.0,0.04998414634146341,1.0,120.0,60.0,dry,118.61207075193057,0.15,0.051802994547109266,2.55,28.0,49.99875609768086,0.0,16503,2487,7.078775699992548,
3,radius_scale,1.4790179163743797,grid_check,641,49.99875609756098,1.4790179163743797,1.0,0.04998414634146341,1.0,120.0,60.0,deadline_exceeded,,0.15062198446377462,0.05181654226144602,2.55,28.0,49.99875609758234,,16670,2499,6.830017500004033,
3,radius_scale,1.4705254103056629,grid_check,641,49.99875609756098,1.4705254103056629,1.0,0.04998414634146341,1.0,120.0,60.0,dry,119.94449017075502,0.15,0.05179249054859584,2.55,28.0,49.99875609769837,0.0,16621,2460,6.857617799993022,
3,radius_scale,1.4747716633400212,grid_check,641,49.99875609756098,1.4747716633400212,1.0,0.04998414634146341,1.0,120.0,60.0,deadline_exceeded,,0.150297351457743,0.05180374193188609,2.55,28.0,49.99875609761307,,16487,2493,6.604152500003693,
3,radius_scale,1.4726485368228421,grid_check,641,49.99875609756098,1.4726485368228421,1.0,0.04998414634146341,1.0,120.0,60.0,deadline_exceeded,,0.15013522435280408,0.05179736684995574,2.55,28.0,49.998756097591766,,16624,2505,6.870367600000463,
3,radius_scale,1.4715869735642526,grid_check,641,49.99875609756098,1.4715869735642526,1.0,0.04998414634146341,1.0,120.0,60.0,deadline_exceeded,,0.1500542183371326,0.05179418581556324,2.55,28.0,49.9987560976526,,16694,2515,7.004118799988646,
3,radius_scale,1.4710561919349576,grid_check,641,49.99875609756098,1.4710561919349576,1.0,0.04998414634146341,1.0,120.0,60.0,deadline_exceeded,,0.1500136159687472,0.051792591450982965,2.55,28.0,49.99875609766929,,16638,2463,7.213904700009152,
3,radius_scale,1.4706560642451816,threshold,321,49.99875609756098,1.4706560642451816,1.0,0.04998414634146341,1.0,240.0,60.0,dry,120.01057949330965,0.15,0.05179218461852752,2.55,28.0,49.998756097832704,0.0,16369,2263,5.357047199999215,
3,diffusivity_scale,0.44655118948646894,threshold,321,49.99875609756098,1.0,0.44655118948646894,0.04998414634146341,1.0,120.0,60.0,deadline_exceeded,,0.15075783311094668,0.05119937259822859,2.55,28.0,50.036729905955255,,17302,2282,3.8414244999876246,
3,diffusivity_scale,0.6305833524471807,threshold,321,49.99875609756098,1.0,0.6305833524471807,0.04998414634146341,1.0,120.0,60.0,dry,87.59330351884837,0.15,0.05166089282267024,2.55,28.0,50.03829618960177,0.0,12665,1754,3.818125699996017,
3,diffusivity_scale,0.5385672709668248,threshold,321,49.99875609756098,1.0,0.5385672709668248,0.04998414634146341,1.0,120.0,60.0,dry,101.65450640072514,0.15,0.05141626584705285,2.55,28.0,50.03755838031298,0.0,14299,1975,4.324288899995736,
3,diffusivity_scale,0.4925592302266468,threshold,321,49.99875609756098,1.0,0.4925592302266468,0.04998414634146341,1.0,120.0,60.0,dry,110.68495950056126,0.15,0.0512939505470703,2.55,28.0,50.0373640428198,0.0,15452,2139,4.131326899994747,
3,diffusivity_scale,0.46955520985655785,threshold,321,49.99875609756098,1.0,0.46955520985655785,0.04998414634146341,1.0,120.0,60.0,dry,115.87237807365916,0.15,0.05123279209094763,2.55,28.0,50.036783327645466,0.0,16578,2219,5.012329299992416,
3,diffusivity_scale,0.45805319967151337,threshold,321,49.99875609756098,1.0,0.45805319967151337,0.04998414634146341,1.0,120.0,60.0,dry,118.66377320754913,0.15,0.05120221261771769,2.55,28.0,50.03664289539329,0.0,17144,2250,4.779634799997439,
3,diffusivity_scale,0.4523021945789911,threshold,321,49.99875609756098,1.0,0.4523021945789911,0.04998414634146341,1.0,120.0,60.0,deadline_exceeded,,0.15005374403709398,0.05118890194991457,2.55,28.0,50.036764116006516,,16585,2295,4.556095299994922,
3,diffusivity_scale,0.45517769712525225,threshold,321,49.99875609756098,1.0,0.45517769712525225,0.04998414634146341,1.0,120.0,60.0,dry,119.38390718165977,0.15,0.0511945677218829,2.55,28.0,50.03692514250612,0.0,17104,2280,4.8492857000092044,
3,diffusivity_scale,0.4537399458521217,threshold,321,49.99875609756098,1.0,0.4537399458521217,0.04998414634146341,1.0,120.0,60.0,dry,119.74745965452391,0.15,0.05119074526912649,2.55,28.0,50.03685503689326,0.0,17188,2282,4.701900200001546,
3,diffusivity_scale,0.4530210702155564,threshold,321,49.99875609756098,1.0,0.4530210702155564,0.04998414634146341,1.0,120.0,60.0,dry,119.93008466786858,0.15,0.051188834041864036,2.55,28.0,50.03707382310308,0.0,17262,2276,4.569528100008029,
3,diffusivity_scale,0.45266163239727375,threshold,321,49.99875609756098,1.0,0.45266163239727375,0.04998414634146341,1.0,120.0,60.0,deadline_exceeded,,0.1500102579804054,0.051188256322474056,2.55,28.0,50.03699661903521,,17187,2269,4.857842099998379,
3,diffusivity_scale,0.45284135130641506,threshold,321,49.99875609756098,1.0,0.45284135130641506,0.04998414634146341,1.0,120.0,60.0,dry,119.97584414280959,0.15,0.05118835623495862,2.55,28.0,50.036749636737994,0.0,17175,2259,4.789082799994503,
3,diffusivity_scale,0.45266163239727375,grid_check,641,49.99875609756098,1.0,0.45266163239727375,0.04998414634146341,1.0,120.0,60.0,dry,119.95917606235345,0.15,0.051187887522010776,2.55,28.0,50.03699188258422,0.0,17072,2484,6.978270899999188,
3,diffusivity_scale,0.45284135130641506,grid_check,641,49.99875609756098,1.0,0.45284135130641506,0.04998414634146341,1.0,120.0,60.0,dry,119.91389854872885,0.15,0.05118836491096797,2.55,28.0,50.037093836283454,0.0,17023,2554,6.769073900009971,
3,diffusivity_scale,0.44691062730475173,grid_check,641,49.99875609756098,1.0,0.44691062730475173,0.04998414634146341,1.0,120.0,60.0,deadline_exceeded,,0.15068320295659948,0.05119761224396647,2.55,28.0,50.03647205254497,,17105,2441,6.410298099988722,
3,diffusivity_scale,0.4585923563989371,grid_check,641,49.99875609756098,1.0,0.4585923563989371,0.04998414634146341,1.0,120.0,60.0,dry,118.46823161953836,0.15,0.05120365792870718,2.55,28.0,50.03656391044578,0.0,16811,2381,6.7116849000012735,
3,diffusivity_scale,0.4527514918518444,grid_check,641,49.99875609756098,1.0,0.4527514918518444,0.04998414634146341,1.0,120.0,60.0,dry,119.9357100410496,0.15,0.05118812666824176,2.55,28.0,50.03659889010762,0.0,17171,2392,6.601475200004643,
3,diffusivity_scale,0.44983105957829805,grid_check,641,49.99875609756098,1.0,0.44983105957829805,0.04998414634146341,1.0,120.0,60.0,deadline_exceeded,,0.1503244674462218,0.051192278428696086,2.55,28.0,50.03651543188967,,17121,2450,6.712835999991512,
3,diffusivity_scale,0.4512912757150712,grid_check,641,49.99875609756098,1.0,0.4512912757150712,0.04998414634146341,1.0,120.0,60.0,deadline_exceeded,,0.1501465436160262,0.05118963446897644,2.55,28.0,50.036700992204686,,16975,2441,7.240902799996547,
3,diffusivity_scale,0.4520213837834578,grid_check,641,49.99875609756098,1.0,0.4520213837834578,0.04998414634146341,1.0,120.0,60.0,deadline_exceeded,,0.15005813521649256,0.0511883251806084,2.55,28.0,50.036616992378704,,17113,2504,6.375632000010228,
3,diffusivity_scale,0.4523864378176511,grid_check,641,49.99875609756098,1.0,0.4523864378176511,0.04998414634146341,1.0,120.0,60.0,deadline_exceeded,,0.1500141271247461,0.051187675538377615,2.55,28.0,50.03639289865076,,16970,2554,6.343380000005709,
3,diffusivity_scale,0.45266163239727375,threshold,321,49.99875609756098,1.0,0.45266163239727375,0.04998414634146341,1.0,240.0,60.0,dry,120.0216262990865,0.15,0.05118787842843388,2.55,28.0,50.03699661903521,0.0,17189,2269,4.396118899996509,
3,moisture,0.145,threshold,321,49.99875609756098,1.0,1.0,0.145,1.0,120.0,60.0,dry,99.9408863503871,0.15,0.1453021615630501,2.55,28.0,50.0393157832045,0.0,14778,1946,3.307283699992695,
3,moisture,0.148,threshold,321,49.99875609756098,1.0,1.0,0.148,1.0,120.0,60.0,deadline_exceeded,,0.15007770417684824,0.14812770390152669,2.55,28.0,50.0393157832045,,17226,2258,4.415502300005755,
3,moisture,0.1465,threshold,321,49.99875609756098,1.0,1.0,0.1465,1.0,120.0,60.0,dry,107.92507164257692,0.15,0.14671321180627087,2.55,28.0,50.0393157832045,0.0,15634,2046,4.522945100005018,
3,moisture,0.14725,threshold,321,49.99875609756098,1.0,1.0,0.14725,1.0,120.0,60.0,dry,113.49893805392905,0.15,0.14741818124207137,2.55,28.0,50.0393157832045,0.0,16403,2146,4.467281300007016,
3,moisture,0.147625,threshold,321,49.99875609756098,1.0,1.0,0.147625,1.0,120.0,60.0,dry,116.94762565232675,0.15,0.14777052920658096,2.55,28.0,50.0393157832045,0.0,16783,2200,4.089488600002369,
3,moisture,0.1478125,threshold,321,49.99875609756098,1.0,1.0,0.1478125,1.0,120.0,60.0,dry,118.90047516057538,0.15,0.14794666929006292,2.55,28.0,50.0393157832045,0.0,17004,2213,4.7435568000073545,
3,moisture,0.14790625000000002,threshold,321,49.99875609756098,1.0,1.0,0.14790625000000002,1.0,120.0,60.0,dry,119.94573076713179,0.15,0.1480347308946161,2.55,28.0,50.0393157832045,0.0,17147,2241,4.523005800001556,
3,moisture,0.14795312500000002,threshold,321,49.99875609756098,1.0,1.0,0.14795312500000002,1.0,120.0,60.0,deadline_exceeded,,0.15003677049360956,0.14808108601359635,2.55,28.0,50.0393157832045,,17126,2232,4.890969799991581,
3,moisture,0.14792968750000002,threshold,321,49.99875609756098,1.0,1.0,0.14792968750000002,1.0,120.0,60.0,deadline_exceeded,,0.15001631076290498,0.14805777729859748,2.55,28.0,50.0393157832045,,17086,2226,4.435856299998704,
3,moisture,0.14791796875000002,threshold,321,49.99875609756098,1.0,1.0,0.14791796875000002,1.0,120.0,60.0,deadline_exceeded,,0.15000608497800094,0.1480461231438947,2.55,28.0,50.0393157832045,,17223,2255,4.580015900006401,
3,moisture,0.14791210937500002,threshold,321,49.99875609756098,1.0,1.0,0.14791210937500002,1.0,120.0,60.0,deadline_exceeded,,0.15000098416003083,0.1480402968163158,2.55,28.0,50.0393157832045,,17246,2434,4.6703877999971155,
3,moisture,0.1479091796875,threshold,321,49.99875609756098,1.0,1.0,0.1479091796875,1.0,120.0,60.0,dry,119.97918222814262,0.15,0.1480374827293015,2.55,28.0,50.0393157832045,0.0,17117,2227,5.048836800007848,
3,moisture,0.1479091796875,grid_check,641,49.99875609756098,1.0,1.0,0.1479091796875,1.0,120.0,60.0,dry,119.97888910436933,0.15,0.1480374834488322,2.55,28.0,50.03968634851428,0.0,17092,2224,6.589478499998222,
3,moisture,0.14791210937500002,grid_check,641,49.99875609756098,1.0,1.0,0.14791210937500002,1.0,120.0,60.0,deadline_exceeded,,0.15000094612727724,0.14804029512938693,2.55,28.0,50.03968634851428,,17081,2213,6.9526371999963885,
3,moisture,0.14791064453125002,grid_check,641,49.99875609756098,1.0,1.0,0.14791064453125002,1.0,120.0,60.0,dry,119.99566159348895,0.15,0.1480388593636199,2.55,28.0,50.03968634851428,0.0,17075,2222,6.4929663999937475,
3,moisture,0.147911376953125,grid_check,641,49.99875609756098,1.0,1.0,0.147911376953125,1.0,120.0,60.0,deadline_exceeded,,0.15000030827770983,0.14803956682221076,2.55,28.0,50.03968634851428,,16986,2224,6.754883600005996,
3,moisture,0.14791101074218752,grid_check,641,49.99875609756098,1.0,1.0,0.14791101074218752,1.0,120.0,60.0,dry,119.99985119005456,0.15,0.14803920334210285,2.55,28.0,50.03968634851428,0.0,17087,2229,6.762063000001945,
3,moisture,0.14791119384765627,grid_check,641,49.99875609756098,1.0,1.0,0.14791119384765627,1.0,120.0,60.0,deadline_exceeded,,0.15000014712036738,0.1480393846381701,2.55,28.0,50.03968634851428,,17094,2215,6.313985100001446,
3,moisture,0.14791110229492188,grid_check,641,49.99875609756098,1.0,1.0,0.14791110229492188,1.0,120.0,60.0,deadline_exceeded,,0.15000006722183123,0.14803929358917226,2.55,28.0,50.03968634851428,,16947,2203,6.868871900005615,
3,moisture,0.14791210937500002,threshold,321,49.99875609756098,1.0,1.0,0.14791210937500002,1.0,240.0,60.0,dry,120.01290832038053,0.15,0.14804023455831505,2.55,28.0,50.0393157832045,0.0,17248,2434,3.9370136999932583,
3,adverse,0.30000000000000004,threshold,321,43.99875609756098,1.15,0.85,0.06497939024390244,1.3,120.0,60.0,dry,107.1199351681252,0.15,0.06653174943530715,2.55,28.0,50.04969878731484,0.0,15308,2067,3.929820400007884,
3,adverse,0.4,threshold,321,41.99875609756098,1.2,0.8,0.06997780487804878,1.4,120.0,60.0,deadline_exceeded,,0.1559096722384676,0.07151315561852294,2.55,28.0,50.051322967648694,,17373,2444,4.721228700000211,
3,adverse,0.35000000000000003,threshold,321,42.99875609756098,1.175,0.825,0.06747859756097561,1.35,120.0,60.0,dry,119.1387735836214,0.15,0.06889204273316113,2.55,28.0,50.05040446845118,0.0,17385,2446,4.557422400001087,
3,adverse,0.375,threshold,321,42.49875609756098,1.1875,0.8125,0.06872820121951219,1.375,120.0,60.0,deadline_exceeded,,0.15268303710006734,0.0701915681973659,2.55,28.0,50.05096129457496,,17194,2431,4.547280200000387,
3,adverse,0.36250000000000004,threshold,321,42.74875609756098,1.18125,0.81875,0.0681033993902439,1.3625,120.0,60.0,deadline_exceeded,,0.15112051393381404,0.06953235408113792,2.55,28.0,50.050837183578956,,17295,2440,4.895776599994861,
3,adverse,0.35625000000000007,threshold,321,42.87375609756098,1.178125,0.8218749999999999,0.06779099847560976,1.3562500000000002,120.0,60.0,deadline_exceeded,,0.15035149346873403,0.06920312538183683,2.55,28.0,50.05045828814197,,17393,2448,4.807371100003365,
3,adverse,0.353125,threshold,321,42.93625609756098,1.1765625,0.8234375,0.06763479801829268,1.353125,120.0,60.0,dry,119.9367991896277,0.15,0.06903991277783034,2.55,28.0,50.050512766319194,0.0,16682,2297,4.606983200006653,
3,adverse,0.35468750000000004,threshold,321,42.90500609756098,1.17734375,0.82265625,0.06771289824695122,1.3546875,120.0,60.0,deadline_exceeded,,0.15016048460110204,0.06912085651921182,2.55,28.0,50.05080932499304,,17148,2434,4.567642299996805,
3,adverse,0.35390625000000003,threshold,321,42.92063109756098,1.176953125,0.823046875,0.06767384813262195,1.35390625,120.0,60.0,deadline_exceeded,,0.15006517504870043,0.06907972819189814,2.55,28.0,50.050015905752076,,17516,2438,4.485138899995945,
3,adverse,0.353515625,threshold,321,42.92844359756098,1.1767578125,0.8232421875,0.06765432307545731,1.353515625,120.0,60.0,deadline_exceeded,,0.15001756185052856,0.0690591652434967,2.55,28.0,50.05091885034842,,17434,2463,4.0490901000011945,
3,adverse,0.3533203125,threshold,321,42.93234984756098,1.17666015625,0.82333984375,0.067644560546875,1.3533203125,120.0,60.0,dry,119.98688206607645,0.15,0.06904915599052257,2.55,28.0,50.05069038231262,0.0,17537,2443,4.840686700001243,
3,adverse,0.35341796875,threshold,321,42.93039672256098,1.176708984375,0.823291015625,0.06764944181116617,1.35341796875,120.0,60.0,deadline_exceeded,,0.1500056669597661,0.0690540248106344,2.55,28.0,50.05047976053841,,17663,2451,4.855131399992388,
3,adverse,0.3533203125,grid_check,641,42.93234984756098,1.17666015625,0.82333984375,0.067644560546875,1.3533203125,120.0,60.0,dry,119.97901930342137,0.15,0.06904918580824185,2.55,28.0,50.05058550880681,0.0,16663,2482,6.203296399995452,
3,adverse,0.35341796875,grid_check,641,42.93039672256098,1.176708984375,0.823291015625,0.06764944181116617,1.35341796875,120.0,60.0,deadline_exceeded,,0.15000192251507288,0.06905389134333574,2.55,28.0,50.05001648445303,,16606,2485,5.280129699996905,
3,adverse,0.353369140625,grid_check,641,42.93137328506098,1.1766845703125,0.8233154296875,0.06764700117902057,1.353369140625,120.0,60.0,dry,119.9915655498005,0.15,0.06905149661348046,2.55,28.0,50.05025418359594,0.0,16625,2489,5.122281000003568,
3,adverse,0.3533935546875,grid_check,641,42.93088500381098,1.17669677734375,0.82330322265625,0.06764822149509336,1.3533935546875,120.0,60.0,dry,119.99780843628254,0.15,0.06905265207341142,2.55,28.0,50.05034409916475,0.0,16623,2497,5.127861799992388,
3,adverse,0.35340576171875,grid_check,641,42.93064086318598,1.176702880859375,0.823297119140625,0.06764883165312977,1.35340576171875,120.0,60.0,deadline_exceeded,,0.15000042838710312,0.06905324843089818,2.55,28.0,50.049972465349015,,16585,2480,5.005507300011232,
3,adverse,0.353399658203125,grid_check,641,42.93076293349848,1.1766998291015625,0.8233001708984375,0.06764852657411156,1.353399658203125,120.0,60.0,dry,119.99935422575173,0.15,0.06905294088125434,2.55,28.0,50.050323886676104,0.0,16610,2483,5.048998899990693,
3,adverse,0.3534027099609375,grid_check,641,42.93070189834223,1.1767013549804688,0.8232986450195312,0.06764867911362067,1.3534027099609376,120.0,60.0,deadline_exceeded,,0.15000007388195374,0.06905308856809633,2.55,28.0,50.05046104440235,,16589,2483,5.381835100008175,
3,adverse,0.35341796875,threshold,321,42.93039672256098,1.176708984375,0.823291015625,0.06764944181116617,1.35341796875,240.0,60.0,dry,120.01192983262061,0.15,0.06905377765584428,2.55,28.0,50.05047976053841,0.0,17665,2451,3.730837800001609,
4,temperature_c,25.0,threshold,321,25.0,1.0,1.0,0.04998414634146341,1.0,120.0,60.0,deadline_exceeded,,0.1544848052875119,0.05105519025572612,2.55,24.99999999985787,50.050199285441344,,17278,2505,4.497552100001485,
4,temperature_c,30.0,threshold,321,30.0,1.0,1.0,0.04998414634146341,1.0,120.0,60.0,dry,103.3250862564545,0.15,0.05117949493058987,2.55,28.0,50.050199285441344,0.0,15864,2171,4.364588600001298,
4,temperature_c,27.5,threshold,321,27.5,1.0,1.0,0.04998414634146341,1.0,120.0,60.0,dry,114.06117377353486,0.15,0.051059681866784314,2.55,27.4999999994542,50.050199285441344,0.0,17015,2361,4.534488100005547,
4,temperature_c,26.25,threshold,321,26.25,1.0,1.0,0.04998414634146341,1.0,120.0,60.0,dry,119.94812036920521,0.15,0.05100368384453992,2.55,26.249999999436163,50.050199285441344,0.0,17609,2449,4.778123299998697,
4,temperature_c,25.625,threshold,321,25.625,1.0,1.0,0.04998414634146341,1.0,120.0,60.0,deadline_exceeded,,0.15218764541992122,0.05102851383077627,2.55,25.624999999499025,50.050199285441344,,17714,2469,4.526904500002274,
4,temperature_c,25.9375,threshold,321,25.9375,1.0,1.0,0.04998414634146341,1.0,120.0,60.0,deadline_exceeded,,0.1510663224541283,0.051015534006643014,2.55,25.937499999999996,50.050199285441344,,17701,2468,4.634142399998382,
4,temperature_c,26.09375,threshold,321,26.09375,1.0,1.0,0.04998414634146341,1.0,120.0,60.0,deadline_exceeded,,0.15051224233576102,0.05100912999041637,2.55,26.093749999325432,50.050199285441344,,17773,2449,4.8018167999980506,
4,temperature_c,26.171875,threshold,321,26.171875,1.0,1.0,0.04998414634146341,1.0,120.0,60.0,deadline_exceeded,,0.15023714743757863,0.05100595648497501,2.55,26.171874999999996,50.050199285441344,,17023,2466,4.636144100004458,
4,temperature_c,26.2109375,threshold,321,26.2109375,1.0,1.0,0.04998414634146341,1.0,120.0,60.0,deadline_exceeded,,0.15009964374745224,0.05100436690609597,2.55,26.210937499404352,50.050199285441344,,17746,2469,4.5895531999995,
4,temperature_c,26.23046875,threshold,321,26.23046875,1.0,1.0,0.04998414634146341,1.0,120.0,60.0,deadline_exceeded,,0.15003108632231424,0.05100357551028922,2.55,26.230468749420233,50.050199285441344,,17753,2466,4.540032899996731,
4,temperature_c,26.240234375,threshold,321,26.240234375,1.0,1.0,0.04998414634146341,1.0,120.0,60.0,dry,119.9957634503455,0.15,0.05100325616337533,2.55,26.24023437442825,50.050199285441344,0.0,17856,2494,3.649900299991714,
4,temperature_c,26.2353515625,threshold,321,26.2353515625,1.0,1.0,0.04998414634146341,1.0,120.0,60.0,deadline_exceeded,,0.15001391889211327,0.05100337689568672,2.55,26.235351561924215,50.050199285441344,,17682,2449,3.4870889999874635,
4,temperature_c,26.2353515625,grid_check,641,26.2353515625,1.0,1.0,0.04998414634146341,1.0,120.0,60.0,deadline_exceeded,,0.15000393391852798,0.0510031436039058,2.55,26.235351562486215,50.04990527710831,,16890,2322,5.288670800000546,
4,temperature_c,26.240234375,grid_check,641,26.240234375,1.0,1.0,0.04998414634146341,1.0,120.0,60.0,dry,119.98173710984211,0.15,0.05100326284943795,2.55,26.240234374986276,50.04990527710831,0.0,16882,2321,5.168432100006612,
4,temperature_c,26.23779296875,grid_check,641,26.23779296875,1.0,1.0,0.04998414634146341,1.0,120.0,60.0,dry,119.99360090985776,0.15,0.05100315597153981,2.55,26.237792968736247,50.04990527710831,0.0,16882,2321,5.253510199996526,
4,temperature_c,26.236572265625,grid_check,641,26.236572265625,1.0,1.0,0.04998414634146341,1.0,120.0,60.0,dry,119.9995332779576,0.14999999999999997,0.05100310253613508,2.55,26.236572265611226,50.04990527710831,2.7755575615628914e-17,16886,2323,5.306749700001092,
4,temperature_c,26.2359619140625,grid_check,641,26.2359619140625,1.0,1.0,0.04998414634146341,1.0,120.0,60.0,deadline_exceeded,,0.15000179369687455,0.05100311890831808,2.55,26.235961914048723,50.04990527710831,,16886,2322,5.204038299998501,
4,temperature_c,26.23626708984375,grid_check,641,26.23626708984375,1.0,1.0,0.04998414634146341,1.0,120.0,60.0,deadline_exceeded,,0.15000073358364188,0.051003106800120046,2.55,26.236267089829973,50.04990527710831,,16890,2322,5.318156099994667,
4,temperature_c,26.236419677734375,grid_check,641,26.236419677734375,1.0,1.0,0.04998414634146341,1.0,120.0,60.0,deadline_exceeded,,0.15000019865062098,0.05100310062896213,2.55,26.236419677720605,50.04990527710831,,16884,2323,5.41131170000881,
4,temperature_c,26.2353515625,threshold,321,26.2353515625,1.0,1.0,0.04998414634146341,1.0,240.0,60.0,dry,120.0192959131119,0.15,0.051003042518931105,2.55,26.235351561924215,50.050199285441344,0.0,17686,2449,3.595863800001098,
4,radius_scale,1.4142135623730951,threshold,321,49.99875609756098,1.4142135623730951,1.0,0.04998414634146341,1.0,120.0,60.0,dry,97.10944015799764,0.15000000000000002,0.05183927993981321,2.55,28.0,49.998756446452845,2.7755575615628914e-17,14120,1981,3.880497899997863,
4,radius_scale,1.6817928305074292,threshold,321,49.99875609756098,1.6817928305074292,1.0,0.04998414634146341,1.0,120.0,60.0,deadline_exceeded,,0.1612957459118262,0.051988909143129536,2.55,28.0,49.998756350435166,,16460,2209,4.28186149999965,
4,radius_scale,1.5480031964402623,threshold,321,49.99875609756098,1.5480031964402623,1.0,0.04998414634146341,1.0,120.0,60.0,dry,115.29154848979786,0.15,0.05167888198696169,2.5500000000000003,28.0,49.99875635872781,0.0,15939,2136,4.021840000001248,
4,radius_scale,1.6148980134738458,threshold,321,49.99875609756098,1.6148980134738458,1.0,0.04998414634146341,1.0,120.0,60.0,deadline_exceeded,,0.15371666582336593,0.05175434700662993,2.5500000000000003,28.0,49.99875643514657,,16543,2375,4.488666200006264,
4,radius_scale,1.581450604957054,threshold,321,49.99875609756098,1.581450604957054,1.0,0.04998414634146341,1.0,120.0,60.0,deadline_exceeded,,0.15006807856239088,0.05164568928587066,2.5500000000000003,28.0,49.99875632806919,,16578,2375,4.857154800003627,
4,radius_scale,1.5647269006986582,threshold,321,49.99875609756098,1.5647269006986582,1.0,0.04998414634146341,1.0,120.0,60.0,dry,117.67892670950508,0.15,0.051660761857351314,2.55,28.0,49.99875675004714,0.0,16388,2332,4.96412339998642,
4,radius_scale,1.573088752827856,threshold,321,49.99875609756098,1.573088752827856,1.0,0.04998414634146341,1.0,120.0,60.0,dry,118.88211810031333,0.15,0.05165184640598533,2.5500000000000003,28.0,49.99875647781749,0.0,16511,2338,4.456003500003135,
4,radius_scale,1.577269678892455,threshold,321,49.99875609756098,1.577269678892455,1.0,0.04998414634146341,1.0,120.0,60.0,dry,119.4861184499688,0.15,0.0516474241141482,2.5500000000000003,28.0,49.998756598151424,0.0,16573,2372,4.863777000005939,
4,radius_scale,1.5793601419247545,threshold,321,49.99875609756098,1.5793601419247545,1.0,0.04998414634146341,1.0,120.0,60.0,dry,119.78872044338681,0.15,0.05164522178898379,2.5500000000000003,28.0,49.99875633046977,0.0,16507,2370,4.861532499999157,
4,radius_scale,1.5804053734409043,threshold,321,49.99875609756098,1.5804053734409043,1.0,0.04998414634146341,1.0,120.0,60.0,dry,119.94000561921334,0.15,0.05164412313791874,2.5500000000000003,28.0,49.99875635578959,0.0,16534,2248,4.00611360000039,
4,radius_scale,1.5809279891989791,threshold,321,49.99875609756098,1.5809279891989791,1.0,0.04998414634146341,1.0,120.0,60.0,deadline_exceeded,,0.15001170661127944,0.0516440322690363,2.5500000000000003,28.0,49.99875642269823,,16527,2248,3.351443300009123,
4,radius_scale,1.5806666813199417,threshold,321,49.99875609756098,1.5806666813199417,1.0,0.04998414634146341,1.0,120.0,60.0,dry,119.97800631309171,0.14999999999999997,0.05164384834472479,2.5500000000000003,28.0,49.998756569296326,2.7755575615628914e-17,16559,2375,3.5638806000060868,
4,radius_scale,1.5806666813199417,grid_check,641,49.99875609756098,1.5806666813199417,1.0,0.04998414634146341,1.0,120.0,60.0,dry,119.96937612189141,0.15,0.051643883414891546,2.55,28.0,49.99875670500293,0.0,17067,2473,5.595180200005416,
4,radius_scale,1.5809279891989791,grid_check,641,49.99875609756098,1.5809279891989791,1.0,0.04998414634146341,1.0,120.0,60.0,deadline_exceeded,,0.15000539395001972,0.05164382022567369,2.55,28.0,49.99875689182225,,17095,2475,5.481838800013065,
4,radius_scale,1.5807973352594604,grid_check,641,49.99875609756098,1.5807973352594604,1.0,0.04998414634146341,1.0,120.0,60.0,dry,119.98813434863958,0.15,0.051643746619986206,2.55,28.0,49.998756293160774,0.0,16895,2429,5.233370500005549,
4,radius_scale,1.5808626622292197,grid_check,641,49.99875609756098,1.5808626622292197,1.0,0.04998414634146341,1.0,120.0,60.0,dry,119.99779103266934,0.15,0.05164367778065387,2.55,28.0,49.99875669820082,0.0,17115,2481,5.600822499996866,
4,radius_scale,1.5808953257140994,grid_check,641,49.99875609756098,1.5808953257140994,1.0,0.04998414634146341,1.0,120.0,60.0,deadline_exceeded,,0.15000185960642076,0.05164371613866137,2.55,28.0,49.998756672035896,,17156,2472,5.489393299998483,
4,radius_scale,1.5808789939716594,grid_check,641,49.99875609756098,1.5808789939716594,1.0,0.04998414634146341,1.0,120.0,60.0,dry,119.99977026048138,0.15,0.05164366107760459,2.55,28.0,49.9987564493503,0.0,16436,2212,5.142274500001804,
4,radius_scale,1.5808871598428795,grid_check,641,49.99875609756098,1.5808871598428795,1.0,0.04998414634146341,1.0,120.0,60.0,deadline_exceeded,,0.1500007036492433,0.05164368003572459,2.55,28.0,49.99875649483913,,16511,2290,5.340549700005795,
4,radius_scale,1.5809279891989791,threshold,321,49.99875609756098,1.5809279891989791,1.0,0.04998414634146341,1.0,240.0,60.0,dry,120.01576243785769,0.15,0.051643574194561524,2.5500000000000003,28.0,49.99875642269823,0.0,16529,2247,3.5662237999931676,
4,diffusivity_scale,0.31622776601683794,threshold,321,49.99875609756098,1.0,0.31622776601683794,0.04998414634146341,1.0,120.0,60.0,deadline_exceeded,,0.1716837461959695,0.05129502550792005,2.5500000000000003,28.0,50.04670197743201,,17303,2490,4.705086799993296,
4,diffusivity_scale,0.44655118948646894,threshold,321,49.99875609756098,1.0,0.44655118948646894,0.04998414634146341,1.0,120.0,60.0,dry,107.13632138015555,0.15,0.051155546008986606,2.55,28.0,50.047795081061025,0.0,15210,2107,4.372016199995414,
4,diffusivity_scale,0.38138947775165344,threshold,321,49.99875609756098,1.0,0.38138947775165344,0.04998414634146341,1.0,120.0,60.0,deadline_exceeded,,0.15332955007048774,0.05106477061467329,2.5500000000000003,28.0,50.04723979501131,,16735,2268,4.475765399998636,
4,diffusivity_scale,0.4139703336190612,threshold,321,49.99875609756098,1.0,0.4139703336190612,0.04998414634146341,1.0,120.0,60.0,dry,115.13964558304431,0.15,0.051070068076845256,2.5500000000000003,28.0,50.047091010298765,0.0,16128,2190,4.600706999990507,
4,diffusivity_scale,0.3976799056853573,threshold,321,49.99875609756098,1.0,0.3976799056853573,0.04998414634146341,1.0,120.0,60.0,dry,119.63530275634957,0.15,0.05102733011268511,2.5500000000000003,28.0,50.04727330460898,0.0,16736,2377,4.704972599996836,
4,diffusivity_scale,0.3895346917185054,threshold,321,49.99875609756098,1.0,0.3895346917185054,0.04998414634146341,1.0,120.0,60.0,deadline_exceeded,,0.1514912417763441,0.051042222985670106,2.55,28.0,50.04747507421019,,16702,2370,5.027408199995989,
4,diffusivity_scale,0.39360729870193134,threshold,321,49.99875609756098,1.0,0.39360729870193134,0.04998414634146341,1.0,120.0,60.0,deadline_exceeded,,0.15060184430095197,0.05103135150590494,2.5500000000000003,28.0,50.047310835761934,,16716,2266,4.75459700000647,
4,diffusivity_scale,0.39564360219364436,threshold,321,49.99875609756098,1.0,0.39564360219364436,0.04998414634146341,1.0,120.0,60.0,deadline_exceeded,,0.15016434843022558,0.05102601349597623,2.5500000000000003,28.0,50.04758482880107,,16802,2287,4.803144700010307,
4,diffusivity_scale,0.39666175393950087,threshold,321,49.99875609756098,1.0,0.39666175393950087,0.04998414634146341,1.0,120.0,60.0,dry,119.92850347508475,0.15,0.051024659160734356,2.55,28.0,50.0475232932157,0.0,17869,2449,4.1204604000085965,
4,diffusivity_scale,0.3961526780665726,threshold,321,49.99875609756098,1.0,0.3961526780665726,0.04998414634146341,1.0,120.0,60.0,deadline_exceeded,,0.15005570165493634,0.051024688755463544,2.5500000000000003,28.0,50.04758580821407,,16760,2285,3.4631253000115976,
4,diffusivity_scale,0.39640721600303674,threshold,321,49.99875609756098,1.0,0.39640721600303674,0.04998414634146341,1.0,120.0,60.0,deadline_exceeded,,0.15000156018943364,0.0510240295072401,2.5500000000000003,28.0,50.04740714861072,,16636,2362,3.530739800000447,
4,diffusivity_scale,0.3965344849712688,threshold,321,49.99875609756098,1.0,0.3965344849712688,0.04998414634146341,1.0,120.0,60.0,dry,119.96522989394647,0.15,0.05102432528134601,2.55,28.0,50.0473298071012,0.0,16637,2261,3.4566342999896733,
4,diffusivity_scale,0.39640721600303674,grid_check,641,49.99875609756098,1.0,0.39640721600303674,0.04998414634146341,1.0,120.0,60.0,dry,119.98909394989988,0.15,0.05102399830491959,2.55,28.0,50.04735815418387,0.0,17088,2469,5.268535299997893,
4,diffusivity_scale,0.3965344849712688,grid_check,641,49.99875609756098,1.0,0.3965344849712688,0.04998414634146341,1.0,120.0,60.0,dry,119.95231763953345,0.15,0.051024332201070915,2.55,28.0,50.047530780439395,0.0,16996,2448,5.307098100005533,
4,diffusivity_scale,0.3923346090196107,grid_check,641,49.99875609756098,1.0,0.3923346090196107,0.04998414634146341,1.0,120.0,60.0,deadline_exceeded,,0.15086800347542373,0.05103448957475664,2.55,28.0,50.0474385061691,,17072,2468,5.520135400001891,
4,diffusivity_scale,0.40060709195469485,grid_check,641,49.99875609756098,1.0,0.40060709195469485,0.04998414634146341,1.0,120.0,60.0,dry,118.787648839832,0.15,0.05103501695418349,2.55,28.0,50.04770528600165,0.0,16841,2436,5.540282999994815,
4,diffusivity_scale,0.3964708504871528,grid_check,641,49.99875609756098,1.0,0.3964708504871528,0.04998414634146341,1.0,120.0,60.0,dry,119.97074084139378,0.15,0.051024165314609043,2.55,28.0,50.04728222852243,0.0,17080,2453,5.119301400001859,
4,diffusivity_scale,0.39440272975338175,grid_check,641,49.99875609756098,1.0,0.39440272975338175,0.04998414634146341,1.0,120.0,60.0,deadline_exceeded,,0.15042052397936728,0.051029024154776496,2.55,28.0,50.04756971778704,,17627,2434,5.166690700003528,
4,diffusivity_scale,0.3954367901202673,grid_check,641,49.99875609756098,1.0,0.3954367901202673,0.04998414634146341,1.0,120.0,60.0,deadline_exceeded,,0.15019897732683868,0.05102632461632888,2.55,28.0,50.04754001581127,,16998,2458,5.619478900000104,
4,diffusivity_scale,0.39595382030371007,grid_check,641,49.99875609756098,1.0,0.39595382030371007,0.04998414634146341,1.0,120.0,60.0,deadline_exceeded,,0.15008831711242246,0.051024973036449615,2.55,28.0,50.04726129941482,,17486,2430,5.2383607999945525,
4,diffusivity_scale,0.39621233539543144,grid_check,641,49.99875609756098,1.0,0.39621233539543144,0.04998414634146341,1.0,120.0,60.0,deadline_exceeded,,0.15003322562909094,0.05102430170776186,2.55,28.0,50.04739477467771,,17650,2453,5.133471399996779,
4,diffusivity_scale,0.39640721600303674,threshold,321,49.99875609756098,1.0,0.39640721600303674,0.04998414634146341,1.0,240.0,60.0,dry,120.0021196885639,0.15,0.05102399125874848,2.5500000000000003,28.0,50.04740714861072,0.0,16638,2362,3.4683214999968186,
4,moisture,0.149,threshold,321,49.99875609756098,1.0,1.0,0.149,1.0,120.0,60.0,dry,115.92548571925155,0.15,0.1490492009692493,2.55,28.0,50.050199285441344,0.0,16211,2586,3.473905899998499,
4,moisture,0.15,threshold,321,49.99875609756098,1.0,1.0,0.15,1.0,120.0,60.0,deadline_exceeded,,0.15076972437627464,0.15003828721489865,2.55,28.0,50.050199285441344,,16698,2701,3.4905104999925243,
4,moisture,0.1495,threshold,321,49.99875609756098,1.0,1.0,0.1495,1.0,120.0,60.0,deadline_exceeded,,0.15029165010066503,0.14953912794813437,2.55,28.0,50.050199285441344,,16701,2716,3.484988299998804,
4,moisture,0.14925,threshold,321,49.99875609756098,1.0,1.0,0.14925,1.0,120.0,60.0,deadline_exceeded,,0.1500528389931014,0.14928955433219107,2.55,28.0,50.050199285441344,,16698,2714,3.4979097000032198,
4,moisture,0.149125,threshold,321,49.99875609756098,1.0,1.0,0.149125,1.0,120.0,60.0,dry,118.43546647280485,0.15,0.14916806895086976,2.55,28.0,50.050199285441344,0.0,16496,2671,3.4317549999977928,
4,moisture,0.1491875,threshold,321,49.99875609756098,1.0,1.0,0.1491875,1.0,120.0,60.0,dry,119.832966502144,0.15,0.14922750099100776,2.55,28.0,50.050199285441344,0.0,16669,2714,3.577598100004252,
4,moisture,0.14921875,threshold,321,49.99875609756098,1.0,1.0,0.14921875,1.0,120.0,60.0,deadline_exceeded,,0.15002300221664547,0.1492583581073286,2.55,28.0,50.050199285441344,,16678,2718,3.5203144999977667,
4,moisture,0.149203125,threshold,321,49.99875609756098,1.0,1.0,0.149203125,1.0,120.0,60.0,deadline_exceeded,,0.15000806085818738,0.14924275883464197,2.55,28.0,50.050199285441344,,16681,2679,3.3835336999909487,
4,moisture,0.1491953125,threshold,321,49.99875609756098,1.0,1.0,0.1491953125,1.0,120.0,60.0,deadline_exceeded,,0.15000061106188267,0.14923496022909274,2.55,28.0,50.050199285441344,,16703,2700,3.3254051999974763,
4,moisture,0.14919140625,threshold,321,49.99875609756098,1.0,1.0,0.14919140625,1.0,120.0,60.0,dry,119.92378313900517,0.15,0.14923121544871926,2.55,28.0,50.050199285441344,0.0,16683,2704,3.5002493999927538,
4,moisture,0.149193359375,threshold,321,49.99875609756098,1.0,1.0,0.149193359375,1.0,120.0,60.0,dry,119.96952082237942,0.15,0.14923307267855374,2.55,28.0,50.050199285441344,0.0,16692,2715,3.617317700001877,
4,moisture,0.1491943359375,threshold,321,49.99875609756098,1.0,1.0,0.1491943359375,1.0,120.0,60.0,dry,119.98720794278225,0.15,0.14923400126452552,2.55,28.0,50.050199285441344,0.0,16665,2463,3.528628000000026,
4,moisture,0.1491943359375,grid_check,641,49.99875609756098,1.0,1.0,0.1491943359375,1.0,120.0,60.0,dry,119.99220761387531,0.15,0.1492340015186218,2.55,28.0,50.04990527710831,0.0,16751,2729,5.393709800002398,
4,moisture,0.1491953125,grid_check,641,49.99875609756098,1.0,1.0,0.1491953125,1.0,120.0,60.0,deadline_exceeded,,0.15000059614149175,0.14923495971493284,2.55,28.0,50.04990527710831,,16745,2696,5.484462100008386,
4,moisture,0.14919482421875002,grid_check,641,49.99875609756098,1.0,1.0,0.14919482421875002,1.0,120.0,60.0,deadline_exceeded,,0.15000014458164768,0.14923447299928136,2.55,28.0,50.04990527710831,,16754,2726,5.087679999996908,
4,moisture,0.14919458007812503,grid_check,641,49.99875609756098,1.0,1.0,0.14919458007812503,1.0,120.0,60.0,dry,119.99787014162231,0.15,0.14923423366965502,2.55,28.0,50.04990527710831,0.0,16752,2727,5.107895699999062,
4,moisture,0.14919470214843752,grid_check,641,49.99875609756098,1.0,1.0,0.14919470214843752,1.0,120.0,60.0,deadline_exceeded,,0.15000003185882263,0.14923435132735405,2.55,28.0,50.04990527710831,,16747,2728,5.082401499996195,
4,moisture,0.1491946411132813,grid_check,641,49.99875609756098,1.0,1.0,0.1491946411132813,1.0,120.0,60.0,dry,119.99936933676673,0.15,0.14923429170953417,2.55,28.0,50.04990527710831,0.0,16769,2724,5.067997499994817,
4,moisture,0.14919467163085942,grid_check,641,49.99875609756098,1.0,1.0,0.14919467163085942,1.0,120.0,60.0,dry,119.99998773544587,0.15,0.14923432072715626,2.55,28.0,50.04990527710831,0.0,16742,2726,5.478036699991208,
4,moisture,0.1491953125,threshold,321,49.99875609756098,1.0,1.0,0.1491953125,1.0,240.0,60.0,dry,120.01501359789815,0.15,0.149234929904883,2.55,28.0,50.050199285441344,0.0,16703,2700,3.631127300002845,
4,adverse,0.4,threshold,321,41.99875609756098,1.2,0.8,0.06997780487804878,1.4,120.0,60.0,dry,116.7367353630328,0.15,0.07120989566529265,2.55,28.0,50.06326871458775,0.0,16509,2380,3.4728619000088656,
4,adverse,0.5,threshold,321,39.99875609756098,1.25,0.75,0.07497621951219512,1.5,120.0,60.0,deadline_exceeded,,0.16817404416005935,0.07648913021361725,2.55,28.0,50.06537388110999,,17963,2541,3.5282353999937186,
4,adverse,0.45,threshold,321,40.99875609756098,1.225,0.775,0.07247701219512195,1.45,120.0,60.0,deadline_exceeded,,0.15727158852683448,0.07379987084031635,2.55,28.0,50.06444339468979,,18093,2537,3.696274700007052,
4,adverse,0.42500000000000004,threshold,321,41.49875609756098,1.2125,0.7875,0.07122740853658537,1.425,120.0,60.0,deadline_exceeded,,0.15231036952021904,0.0724663169931541,2.55,28.0,50.06397874121923,,17586,2530,3.6281487999949604,
4,adverse,0.41250000000000003,threshold,321,41.74875609756098,1.20625,0.79375,0.07060260670731708,1.4125,120.0,60.0,dry,119.91741708802583,0.15,0.07180379284125513,2.55,28.0,50.06331764073927,0.0,17921,2496,3.8400467000028584,
4,adverse,0.41875000000000007,threshold,321,41.62375609756098,1.209375,0.7906249999999999,0.07091500762195123,1.4187500000000002,120.0,60.0,deadline_exceeded,,0.15111635067396204,0.07213396740137763,2.55,28.0,50.063838059071095,,16754,2377,3.4399479999992764,
4,adverse,0.415625,threshold,321,41.68625609756098,1.2078125,0.7921875,0.07075880716463415,1.415625,120.0,60.0,deadline_exceeded,,0.1505262058940701,0.07196794745228238,2.55,28.0,50.06348051188044,,18138,2540,3.497580499999458,
4,adverse,0.4140625,threshold,321,41.71750609756098,1.20703125,0.79296875,0.07068070693597561,1.4140625,120.0,60.0,deadline_exceeded,,0.15023264299831168,0.07188497027245792,2.55,28.0,50.06331855365795,,18005,2521,3.4925625000032596,
4,adverse,0.41328125000000004,threshold,321,41.73313109756098,1.206640625,0.793359375,0.07064165682164635,1.41328125,120.0,60.0,deadline_exceeded,,0.15008637441544898,0.07184349389541364,2.55,28.0,50.063412128015706,,16909,2398,3.399583199992776,
4,adverse,0.41289062500000007,threshold,321,41.74094359756098,1.2064453125,0.7935546874999999,0.07062213176448172,1.4128906250000002,120.0,60.0,deadline_exceeded,,0.15001330455256023,0.07182275683231243,2.55,28.0,50.06360413381725,,16832,2382,3.3338343999930657,
4,adverse,0.4126953125,threshold,321,41.74484984756098,1.20634765625,0.79365234375,0.07061236923589938,1.4126953125,120.0,60.0,dry,119.96793150134197,0.15,0.07181307741394732,2.55,28.0,50.06352125157978,0.0,16855,2404,3.3819002999953227,
4,adverse,0.41279296875000004,threshold,321,41.74289672256098,1.206396484375,0.793603515625,0.07061725050019055,1.41279296875,120.0,60.0,dry,119.99346147156959,0.15,0.07181771964920594,2.55,28.0,50.0637681409813,0.0,17333,2508,3.633327300005476,
4,adverse,0.41279296875000004,grid_check,641,41.74289672256098,1.206396484375,0.793603515625,0.07061725050019055,1.41279296875,120.0,60.0,dry,119.99178256685346,0.15,0.0718177435947262,2.55,28.0,50.06332016736755,0.0,17034,2359,5.476199099997757,
4,adverse,0.41289062500000007,grid_check,641,41.74094359756098,1.2064453125,0.7935546874999999,0.07062213176448172,1.4128906250000002,120.0,60.0,deadline_exceeded,,0.1500123086990251,0.07182275113893924,2.55,28.0,50.0635638599876,,16932,2350,5.53432530000282,
4,adverse,0.41284179687500006,grid_check,641,41.74192016006098,1.2064208984375,0.7935791015625,0.07061969113233613,1.412841796875,120.0,60.0,deadline_exceeded,,0.15000319203320023,0.07182015947701544,2.55,28.0,50.063456231307725,,17820,2388,5.642455500012147,
4,adverse,0.4128173828125,grid_check,641,41.74240844131098,1.20640869140625,0.79359130859375,0.07061847081626334,1.4128173828125,120.0,60.0,dry,119.99853523187134,0.15,0.07181890405187889,2.55,28.0,50.06347642916494,0.0,17459,2533,5.283628199991654,
4,adverse,0.41282958984375007,grid_check,641,41.74216430068598,1.206414794921875,0.7935852050781249,0.07061908097429974,1.4128295898437502,120.0,60.0,deadline_exceeded,,0.15000088989025648,0.07181951088037053,2.55,28.0,50.06332781191788,,16929,2351,4.921962899999926,
4,adverse,0.41282348632812504,grid_check,641,41.74228637099848,1.2064117431640624,0.7935882568359375,0.07061877589528154,1.412823486328125,120.0,60.0,deadline_exceeded,,0.15000006715298203,0.07181919615334549,2.55,28.0,50.06333449783441,,17375,2519,4.967705999995815,
4,adverse,0.41282043457031253,grid_check,641,41.74234740615473,1.2064102172851563,0.7935897827148437,0.07061862335577244,1.4128204345703126,120.0,60.0,dry,119.99934992751753,0.15,0.07181904911981962,2.55,28.0,50.06383931807298,0.0,17460,2539,5.164978400003747,
4,adverse,0.41289062500000007,threshold,321,41.74094359756098,1.2064453125,0.7935546874999999,0.07062213176448172,1.4128906250000002,240.0,60.0,dry,120.01839910795874,0.15,0.07182236211652586,2.55,28.0,50.06360413381725,0.0,16836,2382,3.2846309000015026,
